"DATE","YEAR","MONTH","PRCP","SNOW","TAVG","TMIN","TMAX"
1893-01-01,1893,1,0.02,0,32.9,16.3,49.5
1893-02-01,1893,2,0.54,5.4,28,13.1,42.9
1893-03-01,1893,3,0.14,NA,34.7,19.4,49.9
1893-04-01,1893,4,NA,NA,43.6,28.5,58.7
1893-08-01,1893,8,0.93,NA,66.9,50.6,83.2
1894-06-01,1894,6,0.42,NA,63,46.8,79.3
1894-09-01,1894,9,NA,NA,59.2,42,76.4
1894-10-01,1894,10,0,NA,51.3,34.2,68.4
1894-11-01,1894,11,0.14,1.5,40.5,22.9,58
1894-12-01,1894,12,0.76,9.3,25.9,11.3,40.4
1895-01-01,1895,1,0.24,NA,23.8,10.3,37.2
1895-02-01,1895,2,NA,6,21.1,7,35.3
1895-03-01,1895,3,NA,NA,34.9,19.9,49.9
1895-04-01,1895,4,1.36,0,49.1,32.1,66.2
1895-05-01,1895,5,3.63,NA,53.3,38.9,67.7
1895-06-01,1895,6,3.66,NA,59.5,45.6,73.5
1895-07-01,1895,7,NA,NA,65.3,51.4,79.3
1895-08-01,1895,8,NA,NA,67.4,51,83.9
1895-09-01,1895,9,0.47,4,61.1,41.9,80.2
1895-10-01,1895,10,1.06,NA,47.2,30.4,63.9
1895-11-01,1895,11,0.4,4.5,34.2,18.8,49.6
1895-12-01,1895,12,0.01,0,28.6,13.9,43.3
1896-01-01,1896,1,0.43,3.8,32.5,16,49
1896-02-01,1896,2,0.03,NA,33.5,17.8,49.2
1896-03-01,1896,3,1.73,NA,34,21.7,46.2
1896-04-01,1896,4,1.26,NA,46.8,30.8,62.8
1896-05-01,1896,5,1.68,NA,57.1,41.3,72.9
1896-06-01,1896,6,3.06,NA,65.3,49.7,81
1896-07-01,1896,7,3.05,NA,70.2,55.7,84.7
1896-08-01,1896,8,NA,NA,69,53,84.9
1896-09-01,1896,9,1.55,NA,58.8,44.8,72.8
1896-10-01,1896,10,0.49,NA,48,31.4,64.5
1896-11-01,1896,11,0.05,0.3,31.2,16,46.5
1896-12-01,1896,12,0.24,NA,34.1,19.1,49.2
1897-01-01,1897,1,0.18,2.3,25.1,9,41.3
1897-02-01,1897,2,0.54,NA,28.3,14.6,42
1897-03-01,1897,3,2.15,22,32.3,19.8,44.8
1897-04-01,1897,4,1.39,3.8,45.9,32.1,59.6
1897-05-01,1897,5,NA,NA,58.8,43.1,74.5
1897-06-01,1897,6,1.7,NA,63,48.3,77.7
1897-07-01,1897,7,2.65,NA,66.8,50.3,83.3
1897-08-01,1897,8,1.74,NA,67,51.5,82.4
1897-09-01,1897,9,0.75,NA,64,47.3,80.7
1897-10-01,1897,10,0.75,0.4,49.1,32.2,66
1897-11-01,1897,11,0.67,NA,36.1,21.2,51
1897-12-01,1897,12,0.66,5.5,25.3,11.7,38.9
1898-01-01,1898,1,0.14,NA,25.6,10.6,40.7
1898-02-01,1898,2,0.08,0.8,34.1,17.6,50.5
1898-03-01,1898,3,0.5,5.4,32.7,17.6,47.9
1898-04-01,1898,4,NA,0.1,47.5,30.5,64.4
1898-05-01,1898,5,3.66,13,51.9,40.4,63.3
1898-06-01,1898,6,1.37,NA,64,48.2,79.8
1898-07-01,1898,7,0.51,NA,69.1,53,85.2
1898-08-01,1898,8,0.98,NA,69.9,52.2,87.6
1898-09-01,1898,9,0.5,NA,58.6,38.9,78.3
1898-10-01,1898,10,0.82,1,46.3,31.5,61.1
1898-11-01,1898,11,1.24,11.5,30.4,16.2,44.6
1898-12-01,1898,12,NA,3.5,23.6,9.3,38
1899-01-01,1899,1,0.66,NA,25,10.3,39.6
1899-02-01,1899,2,1.04,14.1,10.2,-5.6,26
1899-03-01,1899,3,1.51,NA,30.2,17.6,42.9
1899-04-01,1899,4,1.1,4.8,45.1,28.9,61.3
1899-05-01,1899,5,1.02,0,54,38,69.9
1899-06-01,1899,6,1.03,0,63.6,47.1,80.1
1899-07-01,1899,7,4.95,NA,67,52.6,81.4
1899-08-01,1899,8,0.99,NA,67.7,51.1,84.3
1899-09-01,1899,9,0.21,0,61.4,42.5,80.4
1899-10-01,1899,10,3.23,NA,46.4,31.8,61
1899-11-01,1899,11,0,0,40.9,25,56.8
1899-12-01,1899,12,0.47,6,28.1,12.8,43.4
1900-01-01,1900,1,0.25,3.1,31,15.3,46.7
1900-02-01,1900,2,1.12,14.7,24.2,10.7,37.8
1900-03-01,1900,3,1.07,7.9,39.1,24.3,53.9
1900-04-01,1900,4,10.55,22.7,43.3,30.7,55.9
1900-05-01,1900,5,1.75,0,57.7,43.2,72.3
1900-06-01,1900,6,0.83,0,67.1,50.7,83.5
1900-07-01,1900,7,1.14,0,67.9,52.1,83.7
1900-08-01,1900,8,0.16,0,68,49.5,86.5
1900-09-01,1900,9,1.93,0,58.6,43.3,73.9
1900-10-01,1900,10,0.15,0,50.3,32.9,67.7
1900-11-01,1900,11,0.07,1.2,37.4,21.7,53.1
1900-12-01,1900,12,0.11,1.8,31.6,16,47.3
1901-01-01,1901,1,0.19,2,28.3,12.7,43.9
1901-02-01,1901,2,0.38,5.2,23.9,9.4,38.4
1901-03-01,1901,3,1.88,0,34.8,20.8,48.7
1901-04-01,1901,4,3.62,19,44,31.1,56.9
1901-05-01,1901,5,7.47,0,57,42.8,71.1
1901-06-01,1901,6,2.35,0,63.3,48.3,78.3
1901-07-01,1901,7,0.71,0,72.4,54.9,90
1901-08-01,1901,8,0.72,0,69,52.9,85
1901-09-01,1901,9,2.1,0,59,42.7,75.4
1901-10-01,1901,10,0.36,0,49.7,32.9,66.5
1901-11-01,1901,11,0.02,0,40,23.2,56.9
1901-12-01,1901,12,1.37,15.5,27.4,14.3,40.4
1902-01-01,1902,1,0.32,6.7,24.2,9.1,39.2
1902-02-01,1902,2,0.15,1,32,18.4,45.5
1902-03-01,1902,3,1.5,2.5,35.3,22.5,48
1902-04-01,1902,4,0.61,0,45.7,30.5,61
1902-05-01,1902,5,2.13,0,56.1,41.7,70.5
1902-06-01,1902,6,2.44,0,63.6,48.2,78.9
1902-07-01,1902,7,1.31,0,66,49.5,82.5
1902-08-01,1902,8,0.67,0,68.7,52.2,85.1
1902-10-01,1902,10,1.15,0,48.9,33.3,64.5
1902-11-01,1902,11,0.27,2.5,36.1,22.6,49.6
1902-12-01,1902,12,0.78,10.6,27,14.3,39.8
1903-01-01,1903,1,0.16,1,29.9,15.4,44.3
1903-02-01,1903,2,1.6,20.7,14.2,-0.6,28.9
1903-03-01,1903,3,1.03,8,30.6,18.4,42.8
1903-04-01,1903,4,1.5,5.5,45.6,30.9,60.2
1903-05-01,1903,5,0.63,0,52.2,36.4,67.9
1903-06-01,1903,6,2.23,0,59.3,47,71.6
1903-07-01,1903,7,1.06,0,68.4,52.1,84.8
1903-08-01,1903,8,0.83,0,67.8,50.5,85
1903-09-01,1903,9,0.87,0,56.8,39.4,74.2
1903-10-01,1903,10,1.7,0,49.6,31.9,67.2
1903-11-01,1903,11,0.18,1.2,36.1,19,53.2
1903-12-01,1903,12,0.07,1,32.3,15.6,49
1904-01-01,1904,1,0.04,3.3,26,9.4,42.7
1904-02-01,1904,2,0.34,2.5,35.3,20.2,50.4
1904-03-01,1904,3,0.51,2,39.9,24.1,55.7
1904-04-01,1904,4,0.89,0.5,46.5,31.3,61.7
1904-05-01,1904,5,5.37,0,53.7,41.1,66.3
1904-06-01,1904,6,1.69,0,59.9,46.3,73.5
1904-07-01,1904,7,1.99,0,65.7,50.8,80.5
1904-08-01,1904,8,0.71,0,67.1,51.3,82.9
1904-09-01,1904,9,1.09,0,59.2,42.4,76
1904-10-01,1904,10,0.39,0,49.3,31.4,67.1
1904-11-01,1904,11,0,0,39.7,19.8,59.7
1904-12-01,1904,12,0.12,1,31.9,15.9,48
1905-01-01,1905,1,0.3,2.7,25,12.4,37.6
1905-02-01,1905,2,0.35,5.4,22.3,6.9,37.7
1905-03-01,1905,3,1.76,2.5,41.9,28.8,55
1905-04-01,1905,4,6.33,15,43.6,31.1,56
1905-05-01,1905,5,4.13,1,52.1,40.5,63.7
1905-06-01,1905,6,0.65,0,64.8,50,79.5
1905-07-01,1905,7,2.19,0,65.7,51,80.3
1905-08-01,1905,8,1.25,0,68.3,51.2,85.4
1905-09-01,1905,9,0.28,0,60.5,41.9,79.1
1905-10-01,1905,10,2.6,10.5,43.6,26.8,60.3
1905-11-01,1905,11,0.07,0,37.8,21.9,53.7
1905-12-01,1905,12,0,0,27,8.9,45.1
1906-01-01,1906,1,0.01,0,30.9,12.8,49
1906-02-01,1906,2,0.03,0.2,31.1,12.6,49.7
1906-03-01,1906,3,2.44,26.8,25.7,14.3,37.1
1906-04-01,1906,4,4.3,1.3,47.1,34.3,60
1906-05-01,1906,5,2.39,0,55,40.9,69.1
1906-06-01,1906,6,1.8,0,61.8,47.3,76.4
1906-07-01,1906,7,1.96,0,64.9,51,78.9
1906-08-01,1906,8,0.8,0,67.2,51.1,83.3
1906-09-01,1906,9,3.08,0,58.7,44.3,73
1906-10-01,1906,10,1.59,15.5,46.3,30.5,62.1
1906-11-01,1906,11,1.35,13.2,33.5,20.6,46.5
1906-12-01,1906,12,0.12,0,34.8,21.5,48
1907-01-01,1907,1,0.24,4,26.2,12.1,40.3
1907-02-01,1907,2,0.36,6,36.1,19.8,52.3
1907-03-01,1907,3,0.58,4.6,43.4,27.3,59.5
1907-04-01,1907,4,2.98,29.8,43,29,57
1907-05-01,1907,5,2.45,2,49.2,36.9,61.6
1907-06-01,1907,6,0.44,0,60.7,45.1,76.4
1907-07-01,1907,7,2.28,0,67.8,52.3,83.2
1907-08-01,1907,8,1.27,0,66.9,50.9,82.9
1907-09-01,1907,9,0.58,1.5,58.7,42.2,75.2
1907-10-01,1907,10,0.08,0,49.9,32.2,67.6
1907-11-01,1907,11,0.44,5.5,32.9,16.2,49.6
1907-12-01,1907,12,0.04,0,30.5,15.6,45.4
1908-01-01,1908,1,0.11,1,28.1,11.9,44.3
1908-02-01,1908,2,0.01,0.1,NA,NA,NA
1908-03-01,1908,3,0.28,1.5,40.3,24.3,56.4
1908-04-01,1908,4,0.05,0.7,47.8,30.7,65
1908-05-01,1908,5,5.83,11.5,52.5,38.4,66.6
1908-06-01,1908,6,1.16,0,61.5,46.5,76.4
1908-07-01,1908,7,3.66,0,67.6,53,82.3
1908-08-01,1908,8,2.13,0,65.4,52,78.9
1908-09-01,1908,9,0.54,0,62.5,44.3,80.7
1908-10-01,1908,10,1.78,6,46.6,31.2,62
1908-11-01,1908,11,1.06,11.5,32.1,15.3,48.8
1908-12-01,1908,12,0.6,7.9,24.8,11.9,37.7
1909-01-01,1909,1,0.02,0,29.6,16,43.2
1909-02-01,1909,2,0.91,13,28.9,14.1,43.8
1909-03-01,1909,3,3.35,26.1,35.5,24.8,46.1
1909-04-01,1909,4,1.34,0,41.8,29,54.6
1909-05-01,1909,5,1.06,0,52.1,37.9,66.3
1909-06-01,1909,6,2.6,0,64.3,49.4,79.2
1909-07-01,1909,7,1.98,0,70.3,55,85.7
1909-08-01,1909,8,1.45,0,70.3,54.8,85.8
1909-09-01,1909,9,2.09,0,58.7,43.9,73.6
1909-10-01,1909,10,0.08,0,49.8,31.9,67.7
1909-11-01,1909,11,0.79,8.8,37.7,24.6,50.8
1909-12-01,1909,12,0.58,10.7,18,4.9,31
1910-01-01,1910,1,0.29,4.1,25.5,10.2,40.8
1910-02-01,1910,2,0.16,1.7,26,10.3,41.8
1910-03-01,1910,3,0.06,0,47.1,28.5,65.6
1910-04-01,1910,4,0.42,0,50.2,33.1,67.3
1910-05-01,1910,5,4.75,0,53.7,40.6,66.8
1910-06-01,1910,6,1.04,0,65,49,81
1910-07-01,1910,7,0.87,0,71.2,55,87.4
1910-08-01,1910,8,1.93,0,67.2,52,82.3
1910-09-01,1910,9,1.8,0,61.5,46.3,76.7
1910-10-01,1910,10,1.03,0,51.5,33.9,69.1
1910-11-01,1910,11,0.11,1.8,40.5,26.2,54.9
1910-12-01,1910,12,0.48,4.2,31.2,17.9,44.6
1911-01-01,1911,1,0.34,4.7,32.4,17.6,47.1
1911-02-01,1911,2,1.52,25.7,26.9,13.7,40.2
1911-03-01,1911,3,0.05,0,41.7,26.2,57.2
1911-04-01,1911,4,1.89,2.5,46.4,31.8,61.1
1911-05-01,1911,5,0.72,0,56,41.3,70.7
1911-06-01,1911,6,1.78,0,66.1,51.1,81.2
1911-07-01,1911,7,1.47,0,66.4,52.8,79.9
1911-08-01,1911,8,0.59,0,66.3,50.8,81.7
1911-09-01,1911,9,0.8,0,61.6,46.2,77
1911-10-01,1911,10,0.94,4,45.3,31.4,59.3
1911-11-01,1911,11,0.43,5.5,32.8,17.2,48.4
1911-12-01,1911,12,0.37,4.4,23.6,9.4,37.7
1912-01-01,1912,1,0.37,5.3,25.8,10.6,41
1912-02-01,1912,2,1.65,12.1,25.8,13,38.7
1912-03-01,1912,3,1.79,17.8,22.5,9.7,35.3
1912-04-01,1912,4,0.9,0.5,43.9,30,57.8
1912-05-01,1912,5,2.84,5.5,53.1,39,67.2
1912-06-01,1912,6,2.44,0,59,45.3,72.7
1912-07-01,1912,7,2.93,0,65.7,52.8,78.7
1912-08-01,1912,8,1.26,0,65.9,50.9,80.8
1912-09-01,1912,9,2.66,0.5,51.5,38.1,64.8
1912-10-01,1912,10,2.03,6.5,44.7,28.9,60.5
1912-11-01,1912,11,0.59,0,36.9,22.2,51.7
1912-12-01,1912,12,0.21,3.3,26.7,12.6,40.8
1913-01-01,1913,1,0.3,4.4,23.6,8.1,39.2
1913-02-01,1913,2,0.94,16,19.3,5.9,32.6
1913-03-01,1913,3,0.2,3.5,33.4,19.2,47.7
1913-04-01,1913,4,1.5,3.7,46.1,31.2,61
1913-05-01,1913,5,2.04,0,54.9,41.4,68.3
1913-06-01,1913,6,0.15,0,63.2,47.6,78.8
1913-07-01,1913,7,2.63,0,66.8,52.2,81.4
1913-08-01,1913,8,0.41,0,69.7,54,85.4
1913-09-01,1913,9,2.18,0,56,42.2,69.8
1913-10-01,1913,10,0.98,0,44.6,30.6,58.6
1913-11-01,1913,11,0.17,1.5,39.4,24.5,54.2
1913-12-01,1913,12,4.08,38.8,17.2,2.1,32.4
1914-01-01,1914,1,0.35,1.3,28.5,15.4,41.5
1914-02-01,1914,2,0.3,3.7,25.3,13.1,37.5
1914-03-01,1914,3,0.87,0.7,37.3,23.8,50.8
1914-04-01,1914,4,3.23,3.5,44.7,33.5,55.8
1914-05-01,1914,5,2.77,0,54.7,42,67.4
1914-06-01,1914,6,1.97,0,63.7,48.5,78.9
1914-07-01,1914,7,1.68,0,68.3,54.4,82.2
1914-08-01,1914,8,1.27,0,67,51.4,82.7
1914-09-01,1914,9,0.02,0,60.7,43.9,77.4
1914-10-01,1914,10,1.58,0,50.3,34.8,65.9
1914-11-01,1914,11,0.12,0,39.9,22,57.8
1914-12-01,1914,12,0.15,0.7,21.2,8,34.4
1915-01-01,1915,1,0.12,1.5,24.5,9.4,39.6
1915-02-01,1915,2,1.41,15.3,32.1,18.6,45.5
1915-03-01,1915,3,1.74,9,31.1,21.2,40.9
1915-04-01,1915,4,3.91,0,50.1,37.6,62.5
1915-05-01,1915,5,3.78,1,50.3,37.5,63
1915-06-01,1915,6,1.9,0,59.6,47.1,72.1
1915-07-01,1915,7,2.12,0,64.7,52.3,77.1
1915-08-01,1915,8,1.56,0,62.8,49.5,76.1
1915-09-01,1915,9,2.97,0,57.1,43.2,71.1
1915-10-01,1915,10,1.97,0,49.3,33.1,65.4
1915-11-01,1915,11,0.1,2,38.5,25,52
1915-12-01,1915,12,0.81,10,28.5,14.7,42.2
1916-01-01,1916,1,0.84,7.8,17.7,3.4,31.9
1916-02-01,1916,2,0.11,1.2,31.6,16.8,46.4
1916-03-01,1916,3,0.31,1.7,43.2,27.3,59.2
1916-04-01,1916,4,0.86,1,44.7,31.2,58.1
1916-05-01,1916,5,3.85,0,51.9,37.2,66.6
1916-06-01,1916,6,0.6,0,61.9,46.4,77.4
1916-07-01,1916,7,0.65,0,69.4,54.3,84.5
1916-08-01,1916,8,0.72,0,65.5,51.5,79.5
1916-09-01,1916,9,0.7,0,57.5,41.4,73.6
1916-10-01,1916,10,2.92,8.8,45.5,31.4,59.7
1916-11-01,1916,11,0.98,15.2,30.1,15.5,44.7
1916-12-01,1916,12,0.63,7.7,21.6,8.3,34.9
1917-01-01,1917,1,0.4,5.5,22.1,7.8,36.3
1917-02-01,1917,2,1.04,25.5,29.6,17.4,41.8
1917-03-01,1917,3,0.99,12.2,28.2,15.8,40.5
1917-04-01,1917,4,1.22,6,42.1,30.2,53.9
1917-05-01,1917,5,5.79,6.5,46.9,36.5,57.2
1917-06-01,1917,6,0.04,0,62.5,45.7,79.3
1917-07-01,1917,7,1.2,0,70,54.4,85.6
1917-08-01,1917,8,1.22,0,65.1,49.9,80.3
1917-09-01,1917,9,0.45,0,59.8,43.8,75.8
1917-10-01,1917,10,0.62,6.5,46.5,29.1,63.9
1917-11-01,1917,11,0.4,0.5,42.3,25.8,58.8
1917-12-01,1917,12,0.31,5,32.2,16.7,47.7
1918-01-01,1918,1,0.42,6,21,6.2,35.7
1918-02-01,1918,2,1.05,14.4,32.9,16,49.9
1918-03-01,1918,3,0.12,0.2,42.7,26.4,58.9
1918-04-01,1918,4,3.68,17,40.5,29.8,51.1
1918-05-01,1918,5,2.95,2,54.2,39.1,69.3
1918-06-01,1918,6,1.18,0,67.2,52.2,82.1
1918-07-01,1918,7,4.83,0,67.2,53.1,81.2
1918-08-01,1918,8,1.91,0,66.5,52.1,80.9
1918-09-01,1918,9,3.23,0,54.6,42.4,66.9
1918-10-01,1918,10,0.71,0,50.7,37.4,63.9
1918-11-01,1918,11,0.9,8,32.1,17.6,46.6
1918-12-01,1918,12,0.76,8,28.3,15.1,41.5
1919-01-01,1919,1,0,0,29.1,14.9,43.2
1919-02-01,1919,2,0.31,3.4,27.3,14.1,40.4
1919-03-01,1919,3,1.65,9.8,37.8,24.2,51.4
1919-04-01,1919,4,0.93,1,47,33.5,60.4
1919-05-01,1919,5,0.45,0,54.6,40.1,69.1
1919-06-01,1919,6,0.19,0,64,46.3,81.8
1919-07-01,1919,7,0.65,0,71.3,56,86.7
1919-08-01,1919,8,0.61,0,68.2,52.3,84.1
1919-09-01,1919,9,2.61,0,61.5,48.2,74.8
1919-10-01,1919,10,1.9,1,42.6,29.8,55.5
1919-11-01,1919,11,1.22,16.2,30.3,16.8,43.8
1919-12-01,1919,12,0.39,5.4,23.5,9.1,38
1920-01-01,1920,1,0.54,6.4,29.7,16.5,42.9
1920-02-01,1920,2,0.65,8,29.2,17.2,41.1
1920-03-01,1920,3,0.14,2,36.7,21.8,51.6
1920-04-01,1920,4,3.61,26.7,36.6,25.4,47.7
1920-05-01,1920,5,1.96,0,54.2,42,66.5
1920-06-01,1920,6,0.41,0,62.2,48.1,76.2
1920-07-01,1920,7,0.58,0,68.8,54.1,83.5
1920-08-01,1920,8,1.72,0,66,52,80
1920-09-01,1920,9,0.6,0,58.5,42.6,74.4
1920-10-01,1920,10,0.5,2.2,48.1,32.6,63.6
1920-11-01,1920,11,0.24,3.7,33.3,19.5,47
1920-12-01,1920,12,0.54,6.6,28.2,15.2,41.3
1921-01-01,1921,1,0.96,8.5,27.7,14.1,41.3
1921-02-01,1921,2,0.19,2.5,32.6,18.8,46.4
1921-03-01,1921,3,0.13,0.5,41.6,25.2,57.9
1921-04-01,1921,4,1.63,7.7,43.4,29.8,57
1921-05-01,1921,5,1.97,0,55.3,42.2,68.4
1921-06-01,1921,6,3.66,0,65,51.9,78.2
1921-07-01,1921,7,1.36,0,69.1,54.6,83.6
1921-08-01,1921,8,2.43,0,67.8,54,81.7
1921-09-01,1921,9,0.68,0,59.9,43.7,76.2
1921-10-01,1921,10,0.37,0,52.3,35,69.7
1921-11-01,1921,11,0.32,2.5,38.5,23.1,53.9
1921-12-01,1921,12,0.89,11.7,29.8,17.3,42.3
1922-01-01,1922,1,0.35,5,20.4,5.5,35.2
1922-02-01,1922,2,0.53,8.4,27,12,41.9
1922-03-01,1922,3,0.36,1.3,36.5,20.8,52.2
1922-04-01,1922,4,2.8,8.8,43.6,31.2,55.9
1922-05-01,1922,5,0.87,0,55.3,41,69.6
1922-06-01,1922,6,1.03,0,66.3,49.6,83
1922-07-01,1922,7,0.8,0,68.4,52.5,84.3
1922-08-01,1922,8,0.74,0,71.3,56,86.5
1922-09-01,1922,9,0.02,0,62.3,44.7,79.9
1922-10-01,1922,10,0.74,4,48.2,30.3,66
1922-11-01,1922,11,1.44,7,35.1,22.4,47.9
1922-12-01,1922,12,0.31,0.2,29.4,16,42.7
1923-01-01,1923,1,0.19,2,33.8,20.3,47.3
1923-02-01,1923,2,1.39,19.1,23.6,9.9,37.4
1923-03-01,1923,3,2.74,32,27.7,14.7,40.7
1923-04-01,1923,4,2.19,2,44.8,30.8,58.8
1923-05-01,1923,5,4.46,0,54.4,41.7,67.1
1923-06-01,1923,6,6.23,0,62.5,49.7,75.2
1923-07-01,1923,7,4.5,0,70.1,57.3,82.9
1923-08-01,1923,8,0.63,0,66.9,53.9,79.9
1923-09-01,1923,9,1.36,0,57.6,43.2,72
1923-10-01,1923,10,3.56,9.8,42.4,32.3,52.5
1923-11-01,1923,11,0.1,0.5,38.2,22.9,53.5
1923-12-01,1923,12,0.25,3.3,27.2,11.9,42.6
1924-01-01,1924,1,0.51,7.2,21.2,6.2,36.2
1924-02-01,1924,2,0.54,7,33.8,20.8,46.7
1924-03-01,1924,3,1.83,16.5,25.1,14.8,35.4
1924-04-01,1924,4,0.93,4.5,44.8,29.3,60.4
1924-05-01,1924,5,3.9,0,51.5,36.7,66.3
1924-06-01,1924,6,0.22,0,64.1,47.4,80.7
1924-07-01,1924,7,0.21,0,68.4,53,83.8
1924-08-01,1924,8,0.05,0,68.5,51.1,85.9
1924-09-01,1924,9,0.84,0,56.8,41.6,72.1
1924-10-01,1924,10,0.78,0,50.3,35.7,64.9
1924-11-01,1924,11,0.09,1,39.2,22.9,55.5
1924-12-01,1924,12,0.74,9.5,20,6.4,33.6
1925-01-01,1925,1,0.27,4,23.9,9.2,38.6
1925-02-01,1925,2,0.09,0.7,36.1,21.3,50.9
1925-03-01,1925,3,0.59,6,40.9,24.3,57.6
1925-04-01,1925,4,0.1,0,50.5,34.6,66.4
1925-05-01,1925,5,1.18,0,57.4,43.4,71.5
1925-06-01,1925,6,1.5,0,66,51.9,80
1925-07-01,1925,7,1.85,0,70.9,56.7,85.1
1925-08-01,1925,8,1.32,0,66.7,53,80.5
1925-09-01,1925,9,1.96,0,61.1,47.5,74.7
1925-10-01,1925,10,3.27,11.5,40.3,29.6,50.9
1925-11-01,1925,11,0.89,9.5,34.8,22.2,47.3
1925-12-01,1925,12,1.5,12,27,14.1,40
1926-01-01,1926,1,0.26,2.2,24.9,12.9,36.8
1926-02-01,1926,2,0.28,2.7,35,23.2,46.8
1926-03-01,1926,3,1.55,3.9,35.6,22.5,48.7
1926-04-01,1926,4,2.99,3.2,45.7,32.7,58.7
1926-05-01,1926,5,1.76,0,55.7,42.3,69.2
1926-06-01,1926,6,1.59,0,64,49.8,78.2
1926-07-01,1926,7,0.93,0,67.3,53.1,81.5
1926-08-01,1926,8,0.86,0,68.4,52.3,84.6
1926-09-01,1926,9,1.04,0,57.9,43.2,72.6
1926-10-01,1926,10,1.15,7,50.4,33.1,67.7
1926-11-01,1926,11,0.36,2.4,39.2,27.2,51.2
1926-12-01,1926,12,0.83,7.5,22.6,9.6,35.6
1927-01-01,1927,1,0.04,0.2,30.9,17.4,44.3
1927-02-01,1927,2,0.4,5,31.9,17.8,45.9
1927-03-01,1927,3,1.87,8.2,34.2,22.5,45.8
1927-04-01,1927,4,2.69,8.5,45.2,31.8,58.5
1927-05-01,1927,5,0.91,0,56.2,41,71.5
1927-06-01,1927,6,2.17,0,62.2,48.9,75.6
1927-07-01,1927,7,2.19,0,67.6,53.6,81.6
1927-08-01,1927,8,2.1,0,64.2,51.8,76.5
1927-09-01,1927,9,1.11,1,58.9,45,72.7
1927-10-01,1927,10,0.92,0,50.1,33.5,66.7
1927-11-01,1927,11,1,7.4,40.2,26.4,54.1
1927-12-01,1927,12,0.25,3.5,21.4,7.9,35
1928-01-01,1928,1,0.26,2.5,30.3,17.3,43.2
1928-02-01,1928,2,0.51,1,29.6,16.3,42.9
1928-03-01,1928,3,1.38,15.5,37.8,23.9,51.7
1928-04-01,1928,4,0.97,6,43.3,29.5,57.2
1928-05-01,1928,5,3.36,0,55.7,43,68.4
1928-06-01,1928,6,2.74,0,57.3,45.7,69
1928-07-01,1928,7,0.83,0,67.9,53.6,82.2
1928-08-01,1928,8,0.69,0,66.2,50.4,82
1928-09-01,1928,9,0.09,0,58.5,42.3,74.7
1928-10-01,1928,10,1.5,5,47.5,33.6,61.4
1928-11-01,1928,11,1.15,15,35,22.6,47.4
1928-12-01,1928,12,0.06,0.5,24.2,10.2,38.2
1929-01-01,1929,1,0.21,3,23.2,10.3,36
1929-02-01,1929,2,0.7,9,17.2,2.5,31.9
1929-03-01,1929,3,1.79,12.2,36.9,25.2,48.6
1929-04-01,1929,4,2.37,1,44.7,32,57.4
1929-05-01,1929,5,1.08,0,52.7,40,65.3
1929-06-01,1929,6,0.61,0,63.7,47.8,79.6
1929-07-01,1929,7,0.46,0,70.4,55.8,85.1
1929-08-01,1929,8,2.35,0,69.9,56.4,83.5
1929-09-01,1929,9,2.13,0,56.4,43.2,69.6
1929-10-01,1929,10,0.99,8,48.4,34.4,62.3
1929-11-01,1929,11,0.93,11.1,27.6,14.6,40.7
1929-12-01,1929,12,0.09,1.2,29.7,16.2,43.2
1930-01-01,1930,1,0.45,5.5,9,-4.3,22.2
1930-02-01,1930,2,0.07,0.8,35.9,23,48.8
1930-03-01,1930,3,0.7,6,33.5,19.8,47.1
1930-04-01,1930,4,0.57,0,51.9,35.8,67.9
1930-05-01,1930,5,4.08,0,51.3,38.5,64.2
1930-06-01,1930,6,1.5,0,64.7,48.5,80.9
1930-07-01,1930,7,0.95,0,70.3,55.9,84.7
1930-08-01,1930,8,5.47,0,68.3,55.8,80.7
1930-09-01,1930,9,0.16,0,59.3,44.1,74.4
1930-10-01,1930,10,0.36,0,46.5,32.1,60.9
1930-11-01,1930,11,0.7,8,37.3,22,52.6
1930-12-01,1930,12,0.14,2,27.7,12.4,42.9
1931-01-01,1931,1,0,0,30,13.3,46.7
1931-02-01,1931,2,1.26,5.6,34.7,21.2,48.2
1931-03-01,1931,3,0.41,4.4,35.3,23.1,47.5
1931-04-01,1931,4,1.07,9.8,45.4,31.6,59.2
1931-05-01,1931,5,2.55,1.5,53.1,39.6,66.6
1931-06-01,1931,6,1.5,0,67.9,52.8,82.9
1931-07-01,1931,7,0.07,0,72,57,86.9
1931-08-01,1931,8,0.81,0,68.3,54.5,82.1
1931-09-01,1931,9,0.4,0,63.4,47.7,79
1931-10-01,1931,10,1,0,50.8,35.7,66
1931-11-01,1931,11,0.63,8.2,33.3,17.7,49
1931-12-01,1931,12,0.18,1,29.4,15,43.8
1932-01-01,1932,1,0.08,1,24.6,11.3,37.9
1932-02-01,1932,2,0.48,6,34.6,20,49.3
1932-03-01,1932,3,1.09,14.5,29,14.8,43.1
1932-04-01,1932,4,0.88,1,47.9,32.6,63.1
1932-05-01,1932,5,2.14,0,56.7,43.1,70.3
1932-06-01,1932,6,1.12,0,63.5,50.2,76.7
1932-07-01,1932,7,2.14,0,71.9,57.1,86.6
1932-08-01,1932,8,3.68,0,69.5,55.7,83.3
1932-09-01,1932,9,0.01,0,59.7,44,75.4
1932-10-01,1932,10,0.34,2.7,46.1,30,62.1
1932-11-01,1932,11,0.34,3.5,39.3,24.1,54.5
1932-12-01,1932,12,0.49,6.2,15.9,0.8,31
1933-01-01,1933,1,0.16,2,29,14.2,43.9
1933-02-01,1933,2,0.13,2.2,24.4,8.8,40
1933-03-01,1933,3,0.6,1.5,40.2,25.5,54.9
1933-04-01,1933,4,1.86,11.7,44.5,30.6,58.3
1933-05-01,1933,5,4.56,6,53.2,41,65.5
1933-06-01,1933,6,0.05,0,68.8,53.5,84.3
1933-07-01,1933,7,0.71,0,72.1,58.4,85.8
1933-08-01,1933,8,4.34,0,67.3,54.2,80.3
1933-09-01,1933,9,2.1,0,62.9,48.4,77.4
1933-10-01,1933,10,0,0,52.4,34.8,70
1933-11-01,1933,11,0.06,0,41.3,25.8,56.8
1933-12-01,1933,12,1.03,2.2,38.9,24.5,53.4
1934-01-01,1934,1,0.01,0,35.7,21.7,49.7
1934-02-01,1934,2,1.12,12.5,33.5,20.2,46.8
1934-03-01,1934,3,0.7,0.7,41.6,28.4,54.7
1934-04-01,1934,4,1.41,0,48.2,34.4,61.9
1934-06-01,1934,6,1.25,0,66.2,51.5,80.8
1934-07-01,1934,7,1.33,0,73.5,57.3,89.8
1934-08-01,1934,8,0.28,0,70.1,55.6,84.7
1934-09-01,1934,9,0.79,0,56.8,39.3,74.2
1934-10-01,1934,10,0,0,53.1,35.7,70.5
1934-11-01,1934,11,0.06,0.5,40.7,25.5,56
1934-12-01,1934,12,0,0,32.8,17.7,47.9
1935-01-01,1935,1,0.07,0.8,32.9,14.8,50.9
1935-02-01,1935,2,0.89,8.5,33.3,18.5,48.2
1935-03-01,1935,3,0.21,1.7,40.1,23.7,56.5
1935-04-01,1935,4,1.24,0.2,45.3,32.4,58.2
1935-05-01,1935,5,6.72,0,48.8,39.5,58
1935-06-01,1935,6,0.63,0,63.3,49.5,77.1
1935-07-01,1935,7,1.15,0,71.9,57.1,86.8
1935-08-01,1935,8,0.5,0,69.5,55.5,83.6
1935-09-01,1935,9,3.29,2.5,59.3,44.2,74.4
1935-10-01,1935,10,0.61,1.5,47.7,33.6,61.9
1935-11-01,1935,11,0.66,8,34.4,22.4,46.3
1935-12-01,1935,12,0,0,30.8,15.9,45.6
1936-01-01,1936,1,0.04,0.2,29.2,16.3,42.1
1936-02-01,1936,2,0.4,4.2,20,5.4,34.7
1936-03-01,1936,3,0.71,6.3,38.4,23.9,53
1936-04-01,1936,4,1.18,2.4,47.8,33.5,62.1
1936-05-01,1936,5,1.11,0,59.2,45.4,73
1936-06-01,1936,6,2.9,0,67.7,54.4,81
1936-07-01,1936,7,0.95,0,73.6,58.6,88.6
1936-08-01,1936,8,1.46,0,69.8,55.7,83.9
1936-09-01,1936,9,1.11,0,60.8,45.6,76
1936-10-01,1936,10,1.38,11,47,33.5,60.5
1936-11-01,1936,11,0.18,0.4,37.7,21.5,53.9
1936-12-01,1936,12,0.38,3.5,30.6,17.7,43.4
1937-01-01,1937,1,0.36,4.2,11.3,-3,25.7
1937-02-01,1937,2,0.54,6.5,29,15.2,42.8
1937-03-01,1937,3,1.14,8,35.3,23.3,47.2
1937-04-01,1937,4,2.23,10,45.4,30.6,60.2
1937-05-01,1937,5,1.47,0,57.2,43.2,71.1
1937-06-01,1937,6,1.94,0,63.1,49.9,76.4
1937-07-01,1937,7,1.17,0,71.6,57.5,85.7
1937-08-01,1937,8,0.63,0,72.2,56.4,88
1937-09-01,1937,9,0.09,0,62.8,47.5,78
1937-10-01,1937,10,0.71,0,51.3,36.6,66
1937-11-01,1937,11,0.56,3.5,36.8,23.6,50
1937-12-01,1937,12,1.52,16,27.3,14.6,40.1
1938-01-01,1938,1,0.42,7.8,28.2,16.9,39.5
1938-02-01,1938,2,0.27,4,31.9,18.7,45.1
1938-03-01,1938,3,1.32,6.2,41.7,29.6,53.8
1938-04-01,1938,4,2.47,3.5,47.3,32.6,62.1
1938-05-01,1938,5,2.71,0,54.2,42,66.4
1938-06-01,1938,6,1.82,0,64.7,51.5,77.8
1938-07-01,1938,7,0.94,0,69.9,55.8,83.9
1938-08-01,1938,8,0.48,0,71,56.8,85.2
1938-09-01,1938,9,7.34,0,62.7,48.8,76.7
1938-10-01,1938,10,0.73,1,53.7,38.3,69.1
1938-11-01,1938,11,0.54,3,34.9,20.7,49
1938-12-01,1938,12,0.76,8.3,27.8,13.6,41.9
1939-01-01,1939,1,0.41,2.1,30.7,20,41.4
1939-02-01,1939,2,0.61,8.5,22,8.8,35.2
1939-03-01,1939,3,1.6,12.8,38.6,25.4,51.9
1939-04-01,1939,4,1.43,3.2,49.1,35.1,63.1
1939-05-01,1939,5,1.56,0,59.7,44.1,75.3
1939-06-01,1939,6,0.43,0,65.4,49.3,81.4
1939-07-01,1939,7,0,0,73.7,56.7,90.7
1939-08-01,1939,8,1.01,0,68.7,52.8,84.6
1939-09-01,1939,9,0.15,0,63.9,47.9,79.8
1939-10-01,1939,10,0.4,0.7,50.4,33.1,67.7
1939-11-01,1939,11,0.03,0,38.8,21.5,56.1
1939-12-01,1939,12,0.24,3.2,35.5,20.7,50.4
1940-01-01,1940,1,1.3,20.6,18.8,6.5,31.1
1940-02-01,1940,2,0.54,5.4,32.3,21.4,43.2
1940-03-01,1940,3,0.63,5.4,NA,NA,NA
1940-04-01,1940,4,1.39,0.5,48.6,34.7,62.5
1940-05-01,1940,5,1.83,0,58.3,43.8,72.8
1940-06-01,1940,6,0.24,0,68.2,51.4,85
1940-07-01,1940,7,1.07,0,72.6,57.9,87.2
1940-08-01,1940,8,0.33,0,69.3,53.4,85.1
1940-09-01,1940,9,5.33,0,63.4,51.8,75.1
1940-10-01,1940,10,0.46,0,51.5,36.2,66.8
1940-11-01,1940,11,0.59,7.9,33.1,19.4,46.7
1940-12-01,1940,12,0.15,7,29.7,16.2,43.1
1941-01-01,1941,1,0.58,8.6,29.1,14.9,43.3
1941-02-01,1941,2,0.05,0.1,33.2,22,44.5
1941-03-01,1941,3,1.17,7,36.1,24.7,47.4
1941-04-01,1941,4,3.48,2.9,44.3,32.8,55.8
1941-05-01,1941,5,2.01,0,57.9,43.8,72
1941-06-01,1941,6,1.87,0,62.6,48.6,76.6
1941-07-01,1941,7,0.91,0,69.2,54.5,83.8
1941-08-01,1941,8,4.19,0,67.6,54,81.2
1941-09-01,1941,9,1.28,0,57.5,43.2,71.7
1941-10-01,1941,10,1.33,0.3,47.5,35.9,59
1941-11-01,1941,11,0.19,0.1,39.3,23.1,55.5
1941-12-01,1941,12,0.69,14.5,28.7,13.4,44
1942-01-01,1942,1,0.32,8.5,19.6,3.9,35.3
1942-02-01,1942,2,0.89,11.8,18.7,4.9,32.4
1942-03-01,1942,3,0.2,4.7,34.7,21.4,48
1942-04-01,1942,4,4.5,20.2,49.1,35.4,62.8
1942-05-01,1942,5,2.26,1.5,53.4,39.2,67.6
1942-06-01,1942,6,2.38,0,62.8,51.1,74.5
1942-07-01,1942,7,0.35,0,69.8,53.5,86.1
1942-08-01,1942,8,1.48,0,67.6,53,82.2
1942-09-01,1942,9,0.75,0,58.8,43,74.6
1942-10-01,1942,10,6.7,11.1,48.7,35.1,62.2
1942-11-01,1942,11,0.5,7.6,37.9,22.4,53.4
1942-12-01,1942,12,0,0,32.8,19.7,45.9
1943-01-01,1943,1,0.22,4.4,29.7,14.8,44.7
1943-02-01,1943,2,0.48,4.4,36.1,19.7,52.4
1943-03-01,1943,3,0.71,20.3,31.1,16.4,45.8
1943-04-01,1943,4,1.45,0,51.8,38,65.6
1943-05-01,1943,5,5.96,8.5,51.6,39.8,63.4
1943-06-01,1943,6,1.06,0,62.9,49.4,76.4
1943-07-01,1943,7,0.93,0,71.1,55.1,87.2
1943-08-01,1943,8,0.56,0,70.7,55.3,86.1
1943-09-01,1943,9,0.1,0,59.1,41.5,76.8
1943-10-01,1943,10,0.29,0,49.2,31.3,67.1
1943-11-01,1943,11,0.33,2.4,38,21.9,54.1
1943-12-01,1943,12,0.18,2.8,30.1,16.2,44
1944-01-01,1944,1,0.45,9.1,26.5,10.6,42.5
1944-02-01,1944,2,0.35,3,30.1,17.3,42.9
1944-03-01,1944,3,2.01,22.5,32.6,20.1,45.1
1944-04-01,1944,4,4.09,20.8,41.7,30.6,52.8
1944-05-01,1944,5,1.98,0,56,40.8,71.1
1944-06-01,1944,6,1.23,0,63.3,48.8,77.7
1944-07-01,1944,7,2.26,0,69,54,84
1944-08-01,1944,8,0.09,0,70.1,53.1,86.9
1944-09-01,1944,9,0.19,0,59.4,41.6,77.2
1944-10-01,1944,10,0.14,0,50.5,32.6,68.4
1944-11-01,1944,11,0.13,0.8,37.4,23.1,51.8
1944-12-01,1944,12,0.21,4.5,26.7,10.8,42.5
1945-01-01,1945,1,0.73,15.6,28.8,14.7,42.8
1945-02-01,1945,2,0.34,4.6,30.9,19,42.9
1945-03-01,1945,3,0.42,6,38.4,23.7,53.1
1945-04-01,1945,4,3.02,34.1,39.6,26.7,52.6
1945-05-01,1945,5,1.88,0,55,40.3,69.8
1945-06-01,1945,6,2.83,0,58.6,46.1,71.1
1945-07-01,1945,7,0.44,0,69.8,54.8,84.9
1945-08-01,1945,8,3.55,0,68.5,55.2,81.8
1945-09-01,1945,9,1.31,1,57.2,41.6,72.7
1945-10-01,1945,10,0.8,1,50.4,33.5,67.2
1945-11-01,1945,11,0.15,0.5,39.5,24.1,54.8
1945-12-01,1945,12,0.26,1.5,27.2,13.9,40.5
1946-01-01,1946,1,0.13,2.8,29.9,13.4,46.4
1946-02-01,1946,2,0.1,1.6,32.8,16.3,49.2
1946-03-01,1946,3,0.78,0.1,42.8,27,58.6
1946-04-01,1946,4,0.43,0,53,36.7,69.3
1946-05-01,1946,5,2.81,0,51.5,39.5,63.4
1946-06-01,1946,6,1.32,0,65.1,49,81.2
1946-07-01,1946,7,2.93,0,70.8,55.3,86.3
1946-08-01,1946,8,1.68,0,67.9,54.3,81.5
1946-09-01,1946,9,0.78,0,58.9,43.4,74.4
1946-10-01,1946,10,1.23,1,46.5,32.6,60.4
1946-11-01,1946,11,1.98,27.8,32.1,18.6,45.6
1946-12-01,1946,12,0.07,0.7,33.6,19.7,47.4
1947-01-01,1947,1,0.42,9,28.3,14.1,42.6
1947-02-01,1947,2,0.9,13.6,26.3,12.1,40.5
1947-03-01,1947,3,0.95,10.8,33.6,20,47.1
1947-04-01,1947,4,1.41,0.5,45.9,34.2,57.5
1947-05-01,1947,5,3.62,4.5,54.4,41.1,67.7
1947-06-01,1947,6,4.48,0.5,60.4,47.3,73.6
1947-07-01,1947,7,0.8,0,69.9,54.3,85.4
1947-08-01,1947,8,0.56,0,70,54.4,85.6
1947-09-01,1947,9,0.5,0,63.4,46.8,80.1
1947-10-01,1947,10,2.64,3.9,53,38,67.9
1947-11-01,1947,11,0.88,10.7,30.6,18.2,43
1947-12-01,1947,12,0.81,13.9,31.2,18.1,44.2
1948-01-01,1948,1,1.02,16.9,23.3,9.9,36.8
1948-02-01,1948,2,0.7,8.1,24.5,11.9,37
1948-03-01,1948,3,0.68,9.7,30.4,17,43.9
1948-04-01,1948,4,0.67,0,49.6,34,65.3
1948-05-01,1948,5,2.16,0,56,41.5,70.4
1948-06-01,1948,6,1.88,0,64.6,51.3,77.9
1948-07-01,1948,7,0.36,0,70.1,54.1,86.2
1948-08-01,1948,8,0.75,0,68.7,51.5,85.9
1948-09-01,1948,9,0.2,0,64.2,47.3,81.1
1948-10-01,1948,10,0.72,4.5,48.6,30.9,66.2
1948-11-01,1948,11,0.39,7.5,34.9,22,47.8
1948-12-01,1948,12,0.94,15.5,26.9,12.8,41
1949-01-01,1949,1,0.35,12.8,13.6,-0.6,27.9
1949-02-01,1949,2,0.11,1.5,25.6,10.4,40.7
1949-03-01,1949,3,1.96,15.9,37.7,24.2,51.1
1949-04-01,1949,4,1.53,4.3,48.1,34.3,61.8
1949-05-01,1949,5,2.93,0,55.8,42.8,68.8
1949-06-01,1949,6,6.31,0,63.6,50.6,76.6
1949-07-01,1949,7,3.13,0,70.3,55.7,84.9
1949-08-01,1949,8,0.74,0,69.1,53.7,84.4
1949-09-01,1949,9,0.42,0,59.8,44.1,75.6
1949-10-01,1949,10,1.25,2.2,46.6,31.8,61.4
1949-11-01,1949,11,0,0,45.8,27.8,63.9
1949-12-01,1949,12,0.06,2,29,13.2,44.7
1950-01-01,1950,1,0.36,4,24.5,8.3,40.6
1950-02-01,1950,2,0.17,1.2,35,18.9,51
1950-03-01,1950,3,0.36,4.7,37.4,23.8,51
1950-04-01,1950,4,2,7.1,46.7,31.9,61.5
1950-05-01,1950,5,3.92,4.5,51.5,38.1,64.9
1950-06-01,1950,6,1.33,0,64.5,49.2,79.9
1950-07-01,1950,7,1.39,0,66.8,54,79.5
1950-08-01,1950,8,0.6,0,65.3,49.3,81.4
1950-09-01,1950,9,1.7,0,58.7,46.2,71.1
1950-10-01,1950,10,0.31,0,53.3,34.9,71.8
1950-11-01,1950,11,0.5,5.2,37,23.2,50.8
1950-12-01,1950,12,0.08,1.8,33.3,18.4,48.2
1951-01-01,1951,1,0.73,12.4,25.6,11.7,39.5
1951-02-01,1951,2,0.7,4.4,30.4,15.6,45.2
1951-03-01,1951,3,0.35,3.2,34,19.5,48.5
1951-04-01,1951,4,1.11,6.7,43.2,29.9,56.6
1951-05-01,1951,5,2.58,0,55.2,41.6,68.8
1951-06-01,1951,6,2.12,0,58.7,45.4,71.9
1951-07-01,1951,7,1.98,0,70.6,55.2,85.9
1951-08-01,1951,8,7.39,0,67,53.6,80.4
1951-09-01,1951,9,0.96,0,58.2,43.3,73.1
1951-10-01,1951,10,2.73,3.1,46.2,31.6,60.8
1951-11-01,1951,11,0.66,7,33.8,18.4,49.1
1951-12-01,1951,12,0.94,9.8,26.1,13.7,38.5
1952-01-01,1952,1,0.07,0.2,27.1,13.2,41.1
1952-02-01,1952,2,0.09,0.8,32.6,17.8,47.5
1952-03-01,1952,3,1.57,22.7,30.5,18.2,42.8
1952-04-01,1952,4,1.89,0.5,47,32.4,61.5
1952-05-01,1952,5,3.71,0,55.7,42.8,68.5
1952-06-01,1952,6,2.46,0,68.8,52.9,84.8
1952-07-01,1952,7,0.72,0,69.8,54.5,85.1
1952-08-01,1952,8,0.96,0,68.8,53.8,83.7
1952-09-01,1952,9,0.04,0,62,43.7,80.2
1952-10-01,1952,10,0.2,1.5,48.9,30.1,67.8
1952-11-01,1952,11,1.03,11.4,30,16.1,43.9
1952-12-01,1952,12,0,0,29.6,16.4,42.9
1953-01-01,1953,1,0.19,3.7,36.9,21.5,52.2
1953-02-01,1953,2,0.49,6.1,31.4,17.3,45.5
1953-03-01,1953,3,1.05,3.7,41.1,24.9,57.2
1953-04-01,1953,4,1.88,22.2,41.6,28.4,54.7
1953-05-01,1953,5,1.88,0,52.6,40.1,65.2
1953-06-01,1953,6,2.79,0,67.5,52.3,82.8
1953-07-01,1953,7,1.24,0,71.4,57.3,85.4
1953-08-01,1953,8,0.65,0,68.3,53,83.6
1953-09-01,1953,9,0.48,0,62.1,44.6,79.7
1953-10-01,1953,10,0.12,0,51.2,34.1,68.4
1953-11-01,1953,11,0.45,4,39.9,24.7,55.1
1953-12-01,1953,12,0.22,2.2,31,16.5,45.4
1954-01-01,1954,1,0.11,0.5,32,16.1,47.8
1954-02-01,1954,2,0.06,0.8,41.3,23.6,58.9
1954-03-01,1954,3,0.9,14.9,33.2,18.9,47.5
1954-04-01,1954,4,0.35,0,52.3,36.1,68.5
1954-05-01,1954,5,1.15,0.5,55.9,42.4,69.4
1954-06-01,1954,6,0.89,0,67.2,50.5,83.9
1954-07-01,1954,7,0.95,0,74.7,58.2,91.2
1954-08-01,1954,8,1.24,0,69.6,53.8,85.4
1954-09-01,1954,9,1,0,62.7,46.4,78.9
1954-10-01,1954,10,0.35,1.3,50.1,33.8,66.3
1954-11-01,1954,11,0.53,5,41.6,25.5,57.8
1954-12-01,1954,12,0.47,5.1,31.8,17,46.7
1955-01-01,1955,1,0.36,5,22.7,9.3,36.1
1955-02-01,1955,2,0.63,13.1,23.7,10.6,36.8
1955-03-01,1955,3,1.15,18.7,34.4,20.4,48.5
1955-04-01,1955,4,0.22,1.7,48.3,31.3,65.4
1955-05-01,1955,5,1.64,0,57.7,42.6,72.9
1955-06-01,1955,6,2.58,0,62.1,49,75.1
1955-07-01,1955,7,1.23,0,73,56.3,89.7
1955-08-01,1955,8,1.42,0,71.2,56.4,85.9
1955-09-01,1955,9,1.91,0,61,44.8,77.2
1955-10-01,1955,10,0.19,0,51.2,33.7,68.7
1955-11-01,1955,11,1.05,9.3,33.2,20.8,45.6
1955-12-01,1955,12,0.59,7,30.2,16.9,43.4
1956-01-01,1956,1,0.71,12.3,31,19,43.1
1956-02-01,1956,2,0.66,10,22.2,7.8,36.6
1956-03-01,1956,3,0.71,21.1,37.4,22.3,52.4
1956-04-01,1956,4,1.67,2.5,44.8,30.7,58.9
1956-05-01,1956,5,2.63,0,58.3,44.9,71.6
1956-06-01,1956,6,0.31,0,69.8,52,87.6
1956-07-01,1956,7,2.23,0,70.1,55.3,84.9
1956-08-01,1956,8,1.91,0,66.8,52.2,81.4
1956-09-01,1956,9,0.03,0,62.6,43.6,81.6
1956-10-01,1956,10,0.05,0,51.6,33.9,69.4
1956-11-01,1956,11,0.79,8.5,36.1,22,50.2
1956-12-01,1956,12,0.51,5.6,33.8,19.4,48.2
1957-01-01,1957,1,0.71,10.6,20.9,6.9,35
1957-02-01,1957,2,0.53,0,36.8,22.8,50.7
1957-03-01,1957,3,0.42,3.1,37.7,24.5,50.8
1957-04-01,1957,4,3.94,27.5,40,29,50.9
1957-05-01,1957,5,6.05,2,52.4,41.4,63.3
1957-06-01,1957,6,1.02,0,64.8,50.8,78.7
1957-07-01,1957,7,0.43,0,71.6,56.4,86.9
1957-08-01,1957,8,3.07,0,69.8,56.1,83.4
1957-09-01,1957,9,0.81,0,58.3,42.3,74.4
1957-10-01,1957,10,1.99,0.1,50.4,39.9,60.8
1957-11-01,1957,11,0.62,4,33.9,22.4,45.5
1957-12-01,1957,12,0,0,36.9,21.2,52.6
1958-01-01,1958,1,0.17,4.8,29.7,13.8,45.7
1958-02-01,1958,2,0.4,5.3,34.8,22,47.6
1958-03-01,1958,3,1.87,15.3,31.2,21.1,41.3
1958-04-01,1958,4,1.94,3,43.8,32.1,55.4
1958-05-01,1958,5,5.3,0,60.2,46.3,74
1958-06-01,1958,6,2.31,0,66.9,53.1,80.6
1958-07-01,1958,7,1.59,0,67.9,54.9,80.9
1958-08-01,1958,8,1.02,0,71.6,56.1,87.1
1958-09-01,1958,9,0.46,0,62.4,46.1,78.6
1958-10-01,1958,10,0.85,1,51.9,35.5,68.2
1958-11-01,1958,11,0.57,7.7,37.4,22.1,52.7
1958-12-01,1958,12,0.98,13.1,30.7,17.5,43.8
1959-01-01,1959,1,0.46,5.8,27.1,14.8,39.4
1959-02-01,1959,2,0.58,10.6,26.6,16.7,36.4
1959-03-01,1959,3,1.37,11.5,37.7,25.4,50
1959-04-01,1959,4,2.71,17,43.1,28.8,57.3
1959-05-01,1959,5,3.54,0,54.7,42.7,66.7
1959-06-01,1959,6,0.39,0,67.8,52.6,83.1
1959-07-01,1959,7,0.31,0,71,55.2,86.8
1959-08-01,1959,8,0.6,0,71.2,55.8,86.7
1959-09-01,1959,9,1.97,3,58,43.3,72.8
1959-10-01,1959,10,2.7,9.2,45.8,32.2,59.3
1959-11-01,1959,11,0.04,1.1,35.7,20.4,51
1959-12-01,1959,12,0,0,34.1,19.7,48.6
1960-01-01,1960,1,0.37,5.9,25.2,11.9,38.5
1960-02-01,1960,2,0.53,11,25,14.4,35.6
1960-03-01,1960,3,0.85,12,35.5,22,49
1960-04-01,1960,4,0.88,0.4,49.3,34.7,63.8
1960-05-01,1960,5,2.5,0,55.4,40.1,70.7
1960-06-01,1960,6,0.72,0,67,51.2,82.8
1960-07-01,1960,7,0.8,0,70.9,54.4,87.4
1960-08-01,1960,8,0.04,0,69.7,52.2,87.3
1960-09-01,1960,9,0.39,0,62.5,46.6,78.3
1960-10-01,1960,10,2.11,0,50.3,35.7,64.8
1960-11-01,1960,11,0.29,2.4,37.1,22.5,51.8
1960-12-01,1960,12,0.56,5,30.1,17.4,42.9
1961-01-01,1961,1,0.21,3.2,29.1,12.5,45.8
1961-02-01,1961,2,0.64,8,35.1,21.1,49
1961-03-01,1961,3,3.38,23.4,36.4,25.3,47.6
1961-04-01,1961,4,1,4.1,45.7,31.7,59.6
1961-05-01,1961,5,7.06,1,55.9,43.8,68.1
1961-06-01,1961,6,1.85,0,65.2,51.1,79.3
1961-07-01,1961,7,4.27,0,69.7,55.7,83.6
1961-08-01,1961,8,4,0,69.8,56.7,82.9
1961-09-01,1961,9,4,0,55.3,42.6,67.9
1961-10-01,1961,10,1.17,6,48.1,33.5,62.7
1961-11-01,1961,11,0.62,15.7,34.2,21.2,47.3
1962-01-01,1962,1,1.17,17.3,16.2,0.1,32.3
1962-02-01,1962,2,0.7,10.4,29.6,18,41.1
1962-03-01,1962,3,0.56,NA,34,21.3,46.7
1962-04-01,1962,4,1.01,4.5,48.9,33.9,63.8
1962-05-01,1962,5,2.37,0,57.7,43.4,72
1962-06-01,1962,6,2.13,0,63.6,49.3,77.9
1962-07-01,1962,7,2.08,0,68.6,54.4,82.8
1962-08-01,1962,8,0.31,0,68.1,51.6,84.6
1962-09-01,1962,9,0.41,0,59.9,44.2,75.6
1962-10-01,1962,10,1.75,0,52.4,37.2,67.5
1962-11-01,1962,11,0.57,5.6,40.9,26.8,55.1
1962-12-01,1962,12,0.18,0.8,31.8,16.7,46.8
1963-01-01,1963,1,0.68,12.8,16.9,1.7,32.1
1963-02-01,1963,2,0.42,6.4,36.7,23,50.4
1963-03-01,1963,3,1.28,16.6,36.1,22.7,49.5
1963-04-01,1963,4,0.51,0,48.2,33.5,63
1963-05-01,1963,5,0.42,0,58.6,43.1,74.1
1963-06-01,1963,6,3.74,0,66.8,52.1,81.4
1963-07-01,1963,7,0.13,0,73.4,58.3,88.5
1963-08-01,1963,8,1.7,0,69,56.6,81.4
1963-09-01,1963,9,2.11,0,64,49.5,78.5
1963-10-01,1963,10,0.3,0,54.7,39.3,70
1963-11-01,1963,11,0.19,0,40,25,54.9
1963-12-01,1963,12,0.55,9.9,25.8,11.5,40
1964-01-01,1964,1,0.31,3.7,29.6,16.8,42.3
1964-02-01,1964,2,0.21,5.4,28.2,15.5,40.9
1964-03-01,1964,3,0.92,14.1,31.9,19.1,44.6
1964-04-01,1964,4,1.69,11.7,45.4,32.3,58.5
1964-05-01,1964,5,1.87,0,57.9,43.7,72.1
1964-06-01,1964,6,0.55,0,63.7,50.4,77.1
1964-07-01,1964,7,1.04,0,73.9,58.8,89
1964-08-01,1964,8,0.45,0,67,52,82.1
1964-09-01,1964,9,0.34,0,59.6,43.2,76.1
1964-10-01,1964,10,0.06,0,50.5,33.2,67.9
1964-11-01,1964,11,0.46,7.3,37.8,24.3,51.2
1964-12-01,1964,12,0.18,3.5,30.7,18.6,42.9
1965-01-01,1965,1,0.66,8.2,33.5,19.7,47.2
1965-02-01,1965,2,0.31,10.8,28,14.9,41
1965-03-01,1965,3,0.84,16.3,27.1,14.3,39.9
1965-04-01,1965,4,1.19,2.9,49,35.6,62.3
1965-05-01,1965,5,1.89,0,55.5,42.2,68.7
1965-06-01,1965,6,5.28,0,63.3,52,74.5
1965-07-01,1965,7,2.3,0,70.7,57.5,83.9
1965-08-01,1965,8,0.44,0,67.2,53.5,81
1965-09-01,1965,9,2.33,0,52.8,40.8,64.9
1965-10-01,1965,10,0.51,0,53.1,37.2,69.1
1965-11-01,1965,11,0,0,42.3,28.4,56.2
1965-12-01,1965,12,0.44,6,31.8,18,45.5
1966-01-01,1966,1,0.12,2.4,25.8,12,39.6
1966-02-01,1966,2,0.61,10,25.9,13,38.8
1966-03-01,1966,3,0.01,0,41.7,25.3,58.1
1966-04-01,1966,4,1.39,7,44.9,31.1,58.7
1966-05-01,1966,5,0.27,0.7,58.9,42.6,75.2
1966-06-01,1966,6,1.6,0,64.8,50.7,78.8
1966-07-01,1966,7,0.62,0,74.8,60.5,89.1
1966-08-01,1966,8,0.63,0,67.7,53.3,82.2
1966-09-01,1966,9,1.17,0,61.6,47.4,75.9
1966-10-01,1966,10,0.43,1.1,49.1,33,65.1
1966-11-01,1966,11,0.45,7,37.7,24.9,50.4
1966-12-01,1966,12,0.06,1.8,29.8,16.8,42.8
1967-01-01,1967,1,0.61,10.6,32,18.7,45.3
1967-02-01,1967,2,0.35,5.9,34.9,21,48.8
1967-03-01,1967,3,0.61,6.5,42.7,28.1,57.4
1967-04-01,1967,4,3.02,1.3,49,35.1,63
1967-05-01,1967,5,4.79,0.7,52.9,41.2,64.7
1967-06-01,1967,6,3.27,0,60.4,49.6,71.3
1967-07-01,1967,7,3.1,0,70.1,57.2,82.9
1967-08-01,1967,8,1.82,0,67.7,53.3,82.2
1967-09-01,1967,9,0.93,0,60.2,45.4,74.9
1967-10-01,1967,10,0.61,0,52.2,36.6,67.7
1967-11-01,1967,11,1.14,12.5,37.6,23.1,52.1
1967-12-01,1967,12,1.05,18.1,24.9,13.9,36
1968-01-01,1968,1,0.09,0.7,28.7,15.7,41.8
1968-02-01,1968,2,0.6,9.7,34.7,22.6,46.7
1968-03-01,1968,3,0.91,6.7,40.7,25.9,55.6
1968-04-01,1968,4,1.85,7.9,42.7,29.3,56.1
1968-05-01,1968,5,3.2,0,53,40.4,65.6
1968-06-01,1968,6,0.86,0,67.1,52.3,81.9
1968-07-01,1968,7,2.05,0,70.6,56.9,84.3
1968-08-01,1968,8,2.11,0,66.9,53.1,80.7
1968-09-01,1968,9,0.09,0,58.8,43,74.7
1968-10-01,1968,10,0.66,0,50.7,35.9,65.5
1968-11-01,1968,11,0.78,5.8,35.8,24.2,47.4
1968-12-01,1968,12,0.13,3.4,28.7,16.5,40.8
1969-01-01,1969,1,0.59,8.8,30.8,17.2,44.3
1969-02-01,1969,2,0.33,3.3,32.8,21.1,44.6
1969-03-01,1969,3,0.59,11.2,31.8,19,44.5
1969-04-01,1969,4,1.46,0,51.7,37.6,65.7
1969-05-01,1969,5,3.81,0,57.8,45.2,70.4
1969-06-01,1969,6,2.56,0,60.2,49,71.4
1969-07-01,1969,7,0.85,0,72.4,58.8,86.1
1969-08-01,1969,8,1.72,0,71.6,58.1,85.1
1969-09-01,1969,9,0.63,0,62.1,48.2,76.2
1969-10-01,1969,10,4.85,12.7,40.2,29.4,50.9
1969-11-01,1969,11,0.32,0.8,37.7,23.7,51.7
1969-12-01,1969,12,0.02,0.2,32.4,20.3,44.4
1970-01-01,1970,1,0.06,1.1,30.1,16.3,43.8
1970-02-01,1970,2,0.02,0,37.6,21.5,53.7
1970-03-01,1970,3,2.66,32.6,33.2,22.2,44.3
1970-04-01,1970,4,1.04,6.9,42.6,29.6,55.5
1970-06-01,1970,6,2.44,0,64.7,50.7,78.6
1970-07-01,1970,7,2.66,0,71.2,58.2,84.3
1970-08-01,1970,8,0.98,0,71.7,58,85.4
1970-09-01,1970,9,1.61,0,58.3,43.9,72.6
1970-10-01,1970,10,1.25,9,45.1,32.2,58
1970-11-01,1970,11,0.54,2.5,39.2,26.6,51.8
1970-12-01,1970,12,0.16,3,30.6,18,43.1
1971-01-01,1971,1,0.59,18.7,29.3,17.1,41.6
1971-02-01,1971,2,0.5,12.4,30.3,18.5,42.1
1971-03-01,1971,3,0.51,7.9,37.7,23.8,51.6
1971-04-01,1971,4,4.42,0.8,46.8,33.6,60.1
1971-05-01,1971,5,2.33,0,54.4,41.8,67
1971-06-01,1971,6,0.2,0,67.7,52.7,82.8
1971-07-01,1971,7,0.52,0,69,55.2,82.9
1971-08-01,1971,8,0.19,0,70.4,55.9,84.9
1971-09-01,1971,9,3.55,15,56,42.1,69.8
1971-10-01,1971,10,0.94,11.5,48.2,34.6,61.8
1971-11-01,1971,11,0.02,0.5,37.7,23.8,51.5
1971-12-01,1971,12,0.21,6.3,29.3,16.4,42.1
1972-01-01,1972,1,0.54,8.5,26.9,11.8,42
1972-02-01,1972,2,0.06,1.8,37.7,22,53.5
1972-03-01,1972,3,0.43,9.4,45.2,30,60.4
1972-04-01,1972,4,1.38,0.8,48.5,35.2,61.8
1972-05-01,1972,5,0.56,0,56.5,42.5,70.6
1972-06-01,1972,6,1.4,0,67.6,53.7,81.5
1972-07-01,1972,7,0.72,0,68.4,54.4,82.5
1972-08-01,1972,8,2.25,0,68.4,55.5,81.4
1972-09-01,1972,9,0.51,0,60.1,46.8,73.4
1972-10-01,1972,10,0.57,3.7,49.3,37.4,61.2
1972-11-01,1972,11,0.92,18.1,32.5,21.4,43.7
1972-12-01,1972,12,0.6,10.9,22.4,10.4,34.5
1973-01-01,1973,1,0.26,7.4,26.6,14.7,38.4
1973-02-01,1973,2,0.02,1.6,31.6,18.4,44.8
1973-03-01,1973,3,0.79,1.6,37.8,26.9,48.7
1973-05-01,1973,5,1.63,2,55.8,42.8,68.8
1973-06-01,1973,6,0.34,0,66.8,51.7,81.8
1973-07-01,1973,7,2.56,0,68.9,55.9,81.8
1973-08-01,1973,8,0.18,0,71.2,56.3,86.1
1973-09-01,1973,9,1.7,0,58.6,46.2,71
1973-10-01,1973,10,0.43,0,51.8,36.3,67.3
1973-11-01,1973,11,2.29,22,35.9,25,46.9
1973-12-01,1973,12,1.17,16.4,31.2,20,42.4
1974-01-01,1974,1,0.33,2,24.7,12.4,37
1974-02-01,1974,2,0.06,1.3,35.4,21.3,49.5
1974-03-01,1974,3,1.05,10.6,41.8,27.1,56.4
1974-04-01,1974,4,1.65,5,47.2,34.3,60
1974-05-01,1974,5,0.01,0,60.4,45.2,75.6
1974-06-01,1974,6,3.01,0,66.5,51.4,81.6
1974-07-01,1974,7,1.65,0,72.4,57.9,86.8
1974-08-01,1974,8,0.12,0,66.5,51.7,81.2
1974-09-01,1974,9,1.08,0.5,58.1,43.1,73
1974-10-01,1974,10,2.01,0.7,51.6,38.1,65.1
1974-11-01,1974,11,0.59,4.6,38.1,25.1,51.1
1974-12-01,1974,12,0.06,1.7,29.5,16.4,42.5
1975-01-01,1975,1,0.05,1.9,30,16.6,43.4
1975-02-01,1975,2,0.54,5.1,29.9,16,43.9
1975-03-01,1975,3,1.57,16.4,37,24.2,49.8
1975-04-01,1975,4,1.54,13.5,43.3,30.1,56.4
1975-05-01,1975,5,4.53,0,53.3,39.5,67.1
1975-06-01,1975,6,1.77,0,63.5,49.4,77.6
1975-07-01,1975,7,0.93,0,71.6,57.8,85.5
1975-08-01,1975,8,2.86,0,69.2,54.2,84.1
1975-09-01,1975,9,0.39,0,59.3,44,74.6
1975-10-01,1975,10,0.9,10.5,51.2,34.8,67.6
1975-11-01,1975,11,0.7,5.2,36.5,22,50.9
1975-12-01,1975,12,1.31,17,32.7,19.6,45.9
1976-01-01,1976,1,0.3,4.2,28.3,14.2,42.4
1976-02-01,1976,2,0.57,13.4,37,23.2,50.8
1976-03-01,1976,3,0.64,8.7,37,22.1,51.8
1976-04-01,1976,4,1.64,2.6,48.6,35.3,61.8
1976-05-01,1976,5,1.13,0,56.2,42.8,69.5
1976-06-01,1976,6,0.95,0,64.9,49.3,80.5
1976-07-01,1976,7,1.04,0,72.5,58.3,86.7
1976-08-01,1976,8,1.88,0,68.4,54,82.7
1976-09-01,1976,9,1.94,0,60.4,47.7,73.2
1976-10-01,1976,10,0.25,1.5,46.8,32,61.6
1976-11-01,1976,11,0.08,2.4,37,23,51.1
1976-12-01,1976,12,0.15,4.3,33.2,17.5,48.9
1977-01-01,1977,1,0.04,1.9,25.4,10.3,40.4
1977-02-01,1977,2,0.05,0.9,36.4,22.1,50.6
1977-03-01,1977,3,0.13,3.2,38.7,24.2,53.2
1977-04-01,1977,4,2.69,12.1,50,36.5,63.5
1977-05-01,1977,5,1.1,0,59.6,46.4,72.9
1977-06-01,1977,6,0.32,0,71.2,56.7,85.8
1977-07-01,1977,7,5.86,0,72.9,59.5,86.2
1977-08-01,1977,8,1.21,0,68.1,56.3,80
1977-09-01,1977,9,0.14,0,64.5,49.3,79.8
1977-10-01,1977,10,0.14,0,51.7,36.6,66.9
1977-11-01,1977,11,0.35,6.3,38.5,24.9,52.1
1977-12-01,1977,12,0.11,2.2,33.7,20.5,46.8
1978-01-01,1978,1,0.6,14.6,23.6,12.3,35
1978-02-01,1978,2,0.26,4.9,27.9,18.7,37.1
1978-03-01,1978,3,0.44,6.4,42.5,28.2,56.8
1978-04-01,1978,4,1.3,1.4,49.6,36.3,62.9
1978-05-01,1978,5,6.15,27.8,54,41,67
1978-06-01,1978,6,1.39,0,66.4,52,80.7
1978-07-01,1978,7,1.03,0,72.4,57.5,87.3
1978-08-01,1978,8,0.8,0,68,53.5,82.6
1978-09-01,1978,9,0.12,0,63.2,47.5,78.8
1978-10-01,1978,10,1.94,2.2,50.4,34.8,66.1
1978-11-01,1978,11,0.07,4.3,35.9,23.5,48.3
1978-12-01,1978,12,0.8,17.8,22.6,9.5,35.7
1979-01-01,1979,1,0.36,10.6,16.8,4.9,28.8
1979-02-01,1979,2,0.29,3,31.8,18.6,44.9
1979-03-01,1979,3,2.33,16.3,40.4,27.9,52.8
1979-04-01,1979,4,1.38,11.9,48.5,34.8,62.2
1979-05-01,1979,5,5.08,9.1,53.8,41.2,66.4
1979-06-01,1979,6,3.13,0,64.8,50.3,79.4
1979-07-01,1979,7,0.95,0,71.9,57.4,86.4
1979-08-01,1979,8,3.13,0,67.1,53.3,80.9
1979-09-01,1979,9,1.04,0,63.8,48.1,79.4
1979-10-01,1979,10,0.87,5.1,52.7,38.1,67.3
1979-11-01,1979,11,2,29.1,31,18.1,43.8
1979-12-01,1979,12,1.52,20.7,31.6,17.9,45.3
1980-01-01,1980,1,1.14,19.3,23.7,11.5,35.8
1980-02-01,1980,2,0.89,14,29.9,17.1,42.7
1980-03-01,1980,3,2.14,19.7,35.3,23.8,46.9
1980-04-01,1980,4,2.91,6.2,46.2,32.4,60
1980-05-01,1980,5,3.53,0,54.4,42.1,66.6
1980-06-01,1980,6,0.08,0,69.2,52.3,86
1980-07-01,1980,7,1.15,0,73.6,58.9,88.2
1980-08-01,1980,8,0.62,0,69.3,55.1,83.4
1980-09-01,1980,9,0.7,0,62.5,46.8,78.3
1980-10-01,1980,10,0.65,0.2,48.9,33.8,64
1980-11-01,1980,11,0.54,5.8,39.2,25.8,52.6
1980-12-01,1980,12,0.13,1.8,38.3,23.5,53.1
1981-01-01,1981,1,0.51,10.2,33.1,18.1,48
1981-02-01,1981,2,0.06,1.9,34.5,18.9,50.1
1981-03-01,1981,3,1.59,11.5,40.3,28.5,52.1
1981-04-01,1981,4,1.12,6,54.2,39.2,69.2
1981-05-01,1981,5,4.22,0,54.7,44.2,65.2
1981-06-01,1981,6,0.37,0,68.6,54.6,82.7
1981-07-01,1981,7,1.98,0,72.1,58.1,86.1
1981-08-01,1981,8,1.5,0,68.6,55.4,81.7
1981-09-01,1981,9,1.22,0,64.6,49.7,79.5
1981-10-01,1981,10,0.76,2.6,49.2,35.7,62.6
1981-11-01,1981,11,0.1,1,42.7,28.4,57
1981-12-01,1981,12,0.65,10.9,32.7,20,45.3
1982-01-01,1982,1,0.26,NA,27.9,13.8,42.1
1982-02-01,1982,2,0.06,1.8,31.5,15.8,47.2
1982-03-01,1982,3,NA,NA,40.9,28,53.7
1982-04-01,1982,4,0.38,1,47.2,30.8,63.6
1982-05-01,1982,5,4.98,0,55.2,41.6,68.7
1982-06-01,1982,6,4.28,0,62,48.4,75.7
1982-07-01,1982,7,4.86,0,71,56.5,85.5
1982-08-01,1982,8,0.45,0,71.6,58.5,84.8
1982-09-01,1982,9,3.51,0,59.5,47.5,71.5
1982-10-01,1982,10,0.74,4.6,48.3,34.6,62
1982-11-01,1982,11,0.48,4.8,33.9,21.5,46.3
1982-12-01,1982,12,0.42,11.9,29.6,16.2,43.1
1983-01-01,1983,1,NA,NA,33.5,19.5,47.6
1983-02-01,1983,2,0.04,0.6,36.6,23.1,50.2
1983-03-01,1983,3,2.89,17.9,38.1,27.2,49.1
1983-04-01,1983,4,4.1,24.1,40.9,29.4,52.5
1983-05-01,1983,5,3.22,3.9,52.5,39.5,65.4
1983-06-01,1983,6,3.53,0,62.4,48.8,76.1
1983-07-01,1983,7,1.58,0,71.9,57.7,86.1
1983-08-01,1983,8,1.02,0,73.8,60.1,87.5
1983-09-01,1983,9,0.28,0,62.6,46.4,78.8
1983-10-01,1983,10,0.17,0,51.3,36.4,66.3
1983-11-01,1983,11,2.13,28.1,36.7,24.8,48.5
1983-12-01,1983,12,0.51,7,18.6,8.1,29
1984-01-01,1984,1,0.56,14.8,25.2,11.6,38.9
1984-02-01,1984,2,0.39,5.4,34.2,22,46.4
1984-03-01,1984,3,1.46,12.5,38,25.9,50.1
1984-04-01,1984,4,3.4,16,42.7,31.2,54.2
1984-05-01,1984,5,2.18,0,59,44.5,73.5
1984-06-01,1984,6,2.24,0,64.3,50.7,77.8
1984-07-01,1984,7,1.96,0,72.4,58.6,86.3
1984-08-01,1984,8,0.57,0,70.8,57.6,84.1
1984-09-01,1984,9,0.81,2.7,59.6,45.4,73.9
1984-10-01,1984,10,2.53,6.4,45.1,33,57.2
1984-11-01,1984,11,0.02,0.3,39.4,25.8,53
1984-12-01,1984,12,0.27,6.1,31.5,17.9,45.2
1985-01-01,1985,1,0.8,16.8,24.5,11.6,37.5
1985-02-01,1985,2,0.25,4.2,26.3,13.3,39.4
1985-03-01,1985,3,0.35,7.3,41.1,26.3,56
1985-04-01,1985,4,2.11,3.8,51.9,36.9,66.8
1985-05-01,1985,5,0.97,0,59.6,45.5,73.7
1985-06-01,1985,6,2.77,0,66.1,51.5,80.6
1985-07-01,1985,7,3.71,0,71.3,57.6,84.9
1985-08-01,1985,8,0.24,0,69.5,53.9,85.2
1985-09-01,1985,9,1.37,4.3,57.6,44.1,71.1
1985-10-01,1985,10,1.17,4.2,48.6,33.2,63.9
1985-11-01,1985,11,1.39,24,28.7,18,39.5
1985-12-01,1985,12,1.26,18.8,26,13.4,38.6
1986-01-01,1986,1,0.16,2.7,36.2,22.1,50.3
1986-02-01,1986,2,0.26,5.9,35.7,22.8,48.6
1986-03-01,1986,3,1.04,3.7,46.5,32,60.9
1986-04-01,1986,4,2.03,9.9,49.1,36.4,61.7
1986-05-01,1986,5,1.45,0,56.3,43.1,69.5
1986-06-01,1986,6,1.18,0,68.3,54,82.6
1986-07-01,1986,7,0.96,0,71.1,56.9,85.2
1986-08-01,1986,8,1.21,0,69.3,55.5,83.1
1986-09-01,1986,9,0.74,0,58.8,46.4,71.2
1986-10-01,1986,10,1.58,4.4,48.6,35.5,61.7
1986-11-01,1986,11,1.53,15.2,37.7,25,50.5
1986-12-01,1986,12,0.27,5.2,29.5,16.6,42.4
1987-01-01,1987,1,0.38,7.8,31.2,18.1,44.3
1987-02-01,1987,2,1.28,15.7,35.1,23.5,46.7
1987-03-01,1987,3,2.17,15.3,37.3,24.3,50.2
1987-04-01,1987,4,0.67,3.8,51,34.5,67.5
1987-05-01,1987,5,3.16,0,58.3,45.8,70.8
1987-06-01,1987,6,2.06,0,67.1,53,81.2
1987-07-01,1987,7,0.8,0,71.7,56.5,86.9
1987-08-01,1987,8,0.77,0,68.2,55.3,81.1
1987-09-01,1987,9,0.65,0,60.3,45.4,75.1
1987-10-01,1987,10,0.51,0,50.2,35.1,65.3
1987-11-01,1987,11,1.61,12,38.3,25.8,50.8
1987-12-01,1987,12,0.78,17.2,28,16.2,39.8
1988-01-01,1988,1,0.28,6.6,24.4,11.9,36.9
1988-02-01,1988,2,0.51,9.9,32.5,18.6,46.5
1988-03-01,1988,3,2.72,39.6,38.2,25.2,51.3
1988-04-01,1988,4,1.02,4.2,48.8,33.2,64.3
1988-05-01,1988,5,2.66,0,58.4,44.6,72.3
1988-06-01,1988,6,1.48,0,70.2,55.6,84.8
1988-07-01,1988,7,1.15,0,71.6,57.1,86.2
1988-08-01,1988,8,2,0,70.8,56.2,85.4
1988-09-01,1988,9,1.95,0,60.1,44.9,75.3
1988-10-01,1988,10,0.13,0,53.1,38.3,68
1988-11-01,1988,11,0.19,1.3,39.8,26.7,52.8
1988-12-01,1988,12,1.3,20.4,27.8,13.3,42.3
1989-01-01,1989,1,0.53,9.3,32.1,17.9,46.3
1989-02-01,1989,2,0.74,16.8,21.6,10.3,32.8
1989-03-01,1989,3,0.22,3.2,41.2,26.8,55.6
1989-04-01,1989,4,1.37,8.3,50.4,36.5,64.4
1989-05-01,1989,5,2.52,0.1,58.3,44.1,72.5
1989-06-01,1989,6,1.74,0,64,51,76.9
1989-07-01,1989,7,0.93,0,72.8,58.1,87.6
1989-08-01,1989,8,1.17,0,68.4,55,81.8
1989-09-01,1989,9,2.32,3.7,60.2,46.2,74.2
1989-10-01,1989,10,0.74,6.3,50.1,35.9,64.2
1989-11-01,1989,11,0.23,3.1,41.1,26.9,55.3
1989-12-01,1989,12,0.37,7.8,27.1,13.7,40.4
1990-01-01,1990,1,0.59,8.4,34.7,21.1,48.3
1990-02-01,1990,2,0.57,16.1,32.3,19.3,45.2
1990-03-01,1990,3,5.64,30.5,37.4,26,48.7
1990-04-01,1990,4,0.98,1.4,48.2,35.9,60.6
1990-05-01,1990,5,2.84,0,55.1,41.4,68.7
1990-06-01,1990,6,0.54,0,69.4,54,84.9
1990-07-01,1990,7,1.4,0,69.1,56.5,81.6
1990-08-01,1990,8,1.7,0,69,54.2,83.8
1990-09-01,1990,9,1.36,0,64.8,50.8,78.8
1990-10-01,1990,10,0.57,5.3,49.9,34.6,65.2
1990-11-01,1990,11,0.87,11.8,41.8,27.5,56
1990-12-01,1990,12,0.25,6.4,23.4,9.8,37
1991-01-01,1991,1,0.34,9.4,25.7,12.6,38.8
1991-02-01,1991,2,0.02,1,38.1,23.2,53
1991-03-01,1991,3,0.15,1,42,28.2,55.9
1991-04-01,1991,4,1.1,6.7,47.9,35.4,60.4
1991-05-01,1991,5,2.35,0.2,58.5,45.2,71.9
1991-06-01,1991,6,3.59,0,66.1,52.7,79.6
1991-07-01,1991,7,1.34,0,70.5,56.8,84.2
1991-08-01,1991,8,2.21,0,69.6,56.1,83.2
1991-09-01,1991,9,0.85,0,60.7,46.5,74.9
1991-10-01,1991,10,0.69,8.4,50.1,34.2,66
1991-11-01,1991,11,1.49,9.8,35.1,24.2,45.9
1991-12-01,1991,12,0.01,0.3,32.3,18.4,46.2
1992-01-01,1992,1,0.63,11.6,31.5,18.2,44.9
1992-02-01,1992,2,0,0,39.4,26,52.7
1992-03-01,1992,3,4.44,20.2,42.8,30.4,55.3
1992-04-01,1992,4,1.23,0,52.9,38.2,67.5
1992-05-01,1992,5,1.59,0,58.9,45,72.8
1992-06-01,1992,6,5.78,0,64.1,51.2,77
1992-07-01,1992,7,1.96,0,67.9,54.9,80.9
1992-08-01,1992,8,2.65,0,65.8,52.8,78.8
1992-09-01,1992,9,0.02,0,62.7,46.9,78.5
1992-10-01,1992,10,0.23,0,52.5,37.1,67.9
1992-11-01,1992,11,1.72,23.9,33.5,22.5,44.4
1992-12-01,1992,12,0.44,7.8,25.3,14.1,36.5
1993-01-01,1993,1,0.36,8.3,24.8,13.1,36.5
1993-02-01,1993,2,0.86,11.4,28,17.4,38.6
1993-03-01,1993,3,1.51,6.9,42,28.7,55.3
1993-04-01,1993,4,2.18,5.4,47.4,35.6,59.2
1993-05-01,1993,5,1.26,0,58.1,45.4,70.8
1993-06-01,1993,6,2.33,0,64.1,50.3,77.9
1993-07-01,1993,7,1.35,0,69.7,55.4,84
1993-08-01,1993,8,1.14,0,67.3,54.4,80.3
1993-09-01,1993,9,2.62,0.9,58.1,43.6,72.6
1993-10-01,1993,10,2.36,6.1,47.6,34.4,60.7
1993-11-01,1993,11,1.23,20.9,33.4,20.5,46.3
1993-12-01,1993,12,0.14,2.6,32.3,20.3,44.3
1994-01-01,1994,1,0.31,5,33,19.4,46.6
1994-02-01,1994,2,0.63,9.7,29.3,16.5,42.1
1994-03-01,1994,3,0.39,4.7,43.2,27.7,58.7
1994-04-01,1994,4,1.78,11.7,48.3,35.1,61.6
1994-05-01,1994,5,1.02,0,60.9,46.5,75.4
1994-06-01,1994,6,1.82,0,69.9,54.8,84.9
1994-07-01,1994,7,2.52,0,70.5,56.2,84.8
1994-08-01,1994,8,1.93,0,70.3,56.4,84.2
1994-09-01,1994,9,0.48,0,63.2,47.1,79.4
1994-10-01,1994,10,1.63,0.1,49.9,37.6,62.2
1994-11-01,1994,11,0.5,3.3,37.5,25.4,49.5
1994-12-01,1994,12,0.45,8.2,33.3,19.6,47
1995-01-01,1995,1,0.13,3.3,31.9,18.5,45.3
1995-02-01,1995,2,0.96,12.1,36.6,22.7,50.5
1995-03-01,1995,3,0.35,8.4,41,27.9,54
1995-04-01,1995,4,2.53,6.1,44.4,32.4,56.4
1995-05-01,1995,5,7.47,0,50.8,41.1,60.6
1995-06-01,1995,6,3.6,0,62.8,49.9,75.7
1995-07-01,1995,7,0.91,0,70.3,55.5,85.2
1995-08-01,1995,8,0.37,0,73.1,57.8,88.5
1995-09-01,1995,9,2.88,6.1,60.1,47.3,72.9
1995-10-01,1995,10,0.27,2.4,49.5,34.9,64
1995-11-01,1995,11,0.54,9,42,28.3,55.7
1995-12-01,1995,12,0.17,2,33.5,20.2,46.9
1996-01-01,1996,1,0.91,15.5,27.7,13.2,42.2
1996-02-01,1996,2,0.16,3.7,33.8,19.3,48.3
1996-03-01,1996,3,1.8,9.8,37.6,24.2,51.1
1996-04-01,1996,4,1.11,5.6,49.6,35.2,64
1996-05-01,1996,5,4.23,0,57.8,45.5,70.1
1996-06-01,1996,6,2.1,0,67,52.4,81.6
1996-07-01,1996,7,1.46,0,71.6,58.2,85
1996-08-01,1996,8,0.52,0,69,54.6,83.4
1996-09-01,1996,9,1.34,0.7,59.8,46.1,73.4
1996-10-01,1996,10,0.49,0.1,50.6,36.8,64.5
1996-11-01,1996,11,0.59,7.5,38,25.7,50.3
1996-12-01,1996,12,0.02,0.5,33,19.7,46.3
1997-01-01,1997,1,0.73,15.2,27.4,15.9,38.8
1997-02-01,1997,2,0.47,11,32.2,21.8,42.7
1997-03-01,1997,3,0.5,9.8,42.9,27.3,58.5
1997-04-01,1997,4,3.02,13.5,43.3,30.9,55.6
1997-05-01,1997,5,1.33,0,57.7,44,71.4
1997-06-01,1997,6,2.97,0,67,54,80.1
1997-07-01,1997,7,6.72,0,71.3,57.2,85.5
1997-08-01,1997,8,5.11,0,68.9,56.4,81.5
1997-09-01,1997,9,2.07,0,63.2,50.5,75.9
1997-10-01,1997,10,1.7,17.5,50.6,36,65.2
1997-11-01,1997,11,0.46,5.3,36,23.9,48.1
1997-12-01,1997,12,0.21,3.5,32.1,20.8,43.4
1998-01-01,1998,1,0.2,2.5,34,20.7,47.2
1998-02-01,1998,2,0.39,1,35.7,24.8,46.7
1998-03-01,1998,3,2.53,20.6,38.5,25.9,51.1
1998-04-01,1998,4,2.04,5,47.5,34.9,60.2
1998-05-01,1998,5,1.87,0,59.6,45.6,73.5
1998-06-01,1998,6,1.32,0,62.9,49.2,76.5
1998-07-01,1998,7,2.39,0,73,59.8,86.3
1998-08-01,1998,8,0.57,0,71.1,57.3,84.9
1998-09-01,1998,9,0.79,0,66.4,51.7,81.2
1998-10-01,1998,10,2.89,0,49.9,38.9,60.9
1998-11-01,1998,11,1.03,8.5,42.1,30.5,53.6
1998-12-01,1998,12,0.52,9.5,29,15.8,42.2
1999-01-01,1999,1,0.54,7.4,34.7,23.2,46.3
1999-02-01,1999,2,0.01,0.1,39.6,25.8,53.5
1999-03-01,1999,3,0.5,4.7,43.9,29.4,58.5
1999-04-01,1999,4,8.29,9.5,45.2,34,56.4
1999-05-01,1999,5,1.9,0.3,56.1,43.5,68.6
1999-06-01,1999,6,2.46,0,64.7,51,78.3
1999-07-01,1999,7,1.03,0,73.3,59.9,86.6
1999-08-01,1999,8,2.14,0,70.3,57.2,83.4
1999-09-01,1999,9,2.46,1.1,58.4,44.5,72.3
1999-10-01,1999,10,0.72,2.6,49.9,34.1,65.7
1999-11-01,1999,11,0.59,8,44.2,27.8,60.5
1999-12-01,1999,12,0.07,1.2,36.5,23.4,49.6
2000-01-01,2000,1,0.09,2.8,33.9,21,46.8
2000-02-01,2000,2,0.41,6,39.3,25,53.6
2000-03-01,2000,3,1.45,15.6,42.8,30.4,55.3
2000-04-01,2000,4,0.69,2.1,51.8,36.7,66.8
2000-05-01,2000,5,1.2,0,61.5,46,76.9
2000-06-01,2000,6,1.07,0,66.3,51.2,81.5
2000-07-01,2000,7,0.64,0,74.5,59.8,89.2
2000-08-01,2000,8,1.48,0,72.5,58.4,86.5
2000-09-01,2000,9,2.67,8.2,62.3,46.9,77.6
2000-10-01,2000,10,0.87,0,50.1,37.6,62.5
2000-11-01,2000,11,0.34,3.1,31.4,19.8,43.1
2000-12-01,2000,12,0.39,7,29.2,16.1,42.4
2001-01-01,2001,1,0.59,9.9,31.1,17.9,44.2
2001-02-01,2001,2,0.26,5.7,30.9,18.9,42.8
2001-03-01,2001,3,0.98,9.9,40.3,27.8,52.9
2001-04-01,2001,4,2.54,5.7,50.8,37.9,63.6
2001-05-01,2001,5,3.49,6.5,57.2,43.5,71
2001-06-01,2001,6,0.41,0,68.4,52.8,84
2001-07-01,2001,7,0.89,0,74.6,60.1,89
2001-08-01,2001,8,1.07,0,71.8,57.5,86.1
2001-09-01,2001,9,0.89,0,64.1,48.1,80
2001-10-01,2001,10,0.28,0,50.3,36.5,64
2001-11-01,2001,11,0.86,5.4,41.6,27.5,55.7
2001-12-01,2001,12,0.07,1.4,32.3,18.9,45.7
2002-01-01,2002,1,0.74,15.6,29.7,16.8,42.5
2002-02-01,2002,2,0.22,3.9,34.2,18.4,49.9
2002-03-01,2002,3,1.18,16.5,36,21.2,50.7
2002-04-01,2002,4,0.26,0.2,51.7,36.9,66.4
2002-05-01,2002,5,2,1.3,56.4,41.7,71.2
2002-06-01,2002,6,0.76,0,71.3,55.2,87.4
2002-07-01,2002,7,0.07,0,76.1,60.6,91.7
2002-08-01,2002,8,0.65,0,70.4,55,85.8
2002-09-01,2002,9,1.46,0,62.7,48.9,76.5
2002-10-01,2002,10,1.14,6.9,44.8,31.8,57.9
2002-11-01,2002,11,0.74,9.3,37.8,25,50.7
2002-12-01,2002,12,0.01,0,34.3,21.2,47.4
2003-01-01,2003,1,0.04,1,37.2,21.9,52.6
2003-02-01,2003,2,0.85,12.6,30.2,18.5,41.8
2003-03-01,2003,3,5.76,37.3,42.3,28.9,55.7
2003-04-01,2003,4,3.13,1.8,50.6,37.6,63.7
2003-05-01,2003,5,2.27,3.2,58.4,45.7,71.1
2003-06-01,2003,6,1.14,0,63.4,51.1,75.8
2003-07-01,2003,7,0.38,0,76.7,60.7,92.8
2003-08-01,2003,8,3.4,0,72.7,58.5,87
2003-09-01,2003,9,0.3,0,59.8,44.9,74.6
2003-10-01,2003,10,0.19,0.1,55.2,37.7,72.8
2003-11-01,2003,11,0.33,4,37.1,25.2,49
2003-12-01,2003,12,0.46,8.1,33.4,20.2,46.6
2004-01-01,2004,1,0.38,6.5,32.6,19.2,45.9
2004-02-01,2004,2,0.5,3.4,32.2,20,44.4
2004-03-01,2004,3,0.34,2.3,47.5,31.8,63.1
2004-04-01,2004,4,2.22,4.7,49.8,37.1,62.5
2004-05-01,2004,5,1.51,0,60.4,45.8,74.9
2004-06-01,2004,6,2.67,0,63.8,50.6,77
2004-07-01,2004,7,2.04,0,70.9,56.5,85.2
2004-08-01,2004,8,3.28,0,67,53.2,80.8
2004-09-01,2004,9,2.84,0,61.8,47.1,76.4
2004-10-01,2004,10,1.05,0,50.9,37.9,64
2004-11-01,2004,11,1.28,13.7,38.2,26.3,50.1
2004-12-01,2004,12,0.09,2,33.7,20.5,46.9
2005-01-01,2005,1,0.66,10,32.8,20.2,45.4
2005-02-01,2005,2,0.27,5.3,37.2,24.2,50.2
2005-03-01,2005,3,1.04,7.8,42.1,28.6,55.5
2005-04-01,2005,4,2.74,15.7,48.5,34.7,62.2
2005-05-01,2005,5,2.89,0,57.5,43.9,71.1
2005-06-01,2005,6,3.47,0,66.2,52.1,80.3
2005-07-01,2005,7,0.32,0,75.3,58.8,91.7
2005-08-01,2005,8,1.06,0,70.1,55.6,84.5
2005-09-01,2005,9,0.26,0,63.9,48.4,79.3
2005-10-01,2005,10,3.26,0,51.5,37.6,65.4
2005-11-01,2005,11,0.08,0,42.2,28.3,56.2
2005-12-01,2005,12,0.19,3.5,30.9,18.1,43.8
2006-01-01,2006,1,0.1,1.2,38.1,23.7,52.5
2006-02-01,2006,2,0.53,7.1,31.9,18,45.8
2006-03-01,2006,3,1.45,15.2,39.2,27,51.4
2006-04-01,2006,4,0.22,0,53.3,37.5,69.1
2006-05-01,2006,5,0.88,0,60.6,45.6,75.7
2006-06-01,2006,6,0.13,0,71.6,55.7,87.5
2006-07-01,2006,7,0.84,0,75.1,61.4,88.8
2006-08-01,2006,8,0.68,0,71.7,58.3,85
2006-09-01,2006,9,0.73,0,58.5,44.8,72.3
2006-10-01,2006,10,2.27,3.5,48.8,35.5,62.1
2006-11-01,2006,11,0.76,7.4,39.8,26.4,53.3
2006-12-01,2006,12,2.7,29.3,30.6,18,43.2
2007-01-01,2007,1,0.55,9.4,23.6,10.4,36.9
2007-02-01,2007,2,0.22,4.6,32,20.2,43.8
2007-03-01,2007,3,1.59,2,46.6,32.5,60.7
2007-04-01,2007,4,0.98,0.2,48.3,35.3,61.2
2007-05-01,2007,5,1.23,0,58.5,44.1,72.9
2007-06-01,2007,6,0.33,0,68.6,52.8,84.3
2007-07-01,2007,7,0.84,0,75.7,61.5,89.8
2007-08-01,2007,8,3.6,0,73.1,59,87.2
2007-09-01,2007,9,1.04,0,63.5,49.8,77.3
2007-10-01,2007,10,1.74,0,52.2,37.5,66.8
2007-11-01,2007,11,0.37,4.6,41.5,26.6,56.4
2007-12-01,2007,12,1.2,18,27,15.2,38.8
2008-01-01,2008,1,0.03,0.9,27.3,15.2,39.3
2008-02-01,2008,2,0.26,4.7,35.6,22,49.1
2008-03-01,2008,3,0.78,8,40.8,27.1,54.6
2008-04-01,2008,4,0.85,2,47.5,32.2,62.8
2008-06-01,2008,6,2.06,0,66.1,51,81.3
2008-07-01,2008,7,1.11,0,74.4,58.8,90
2008-08-01,2008,8,3.94,0,68.9,55.6,82.2
2008-09-01,2008,9,1.28,0,60.2,46.5,73.9
2008-10-01,2008,10,0.81,0,50.4,35.9,65
2008-11-01,2008,11,0.01,0,43.8,29.8,57.8
2008-12-01,2008,12,0.53,11.5,27.9,15.1,40.7
2009-01-01,2009,1,0.28,5.7,34.1,19.9,48.2
2009-02-01,2009,2,0.16,3.7,37.8,23.6,52.1
2009-03-01,2009,3,0.93,9.2,42.6,27.4,57.8
2009-04-01,2009,4,4.44,8.1,47.3,33.8,60.8
2009-05-01,2009,5,2.23,0,59.5,46.6,72.5
2009-06-01,2009,6,5.04,1,63.8,51.3,76.2
2009-07-01,2009,7,3.95,0,70.1,56.6,83.5
2009-08-01,2009,8,0.22,0,68.6,54.2,83
2009-09-01,2009,9,0.67,0,62.5,48,77
2009-10-01,2009,10,2.17,25.7,43.2,31.4,55.1
2009-11-01,2009,11,0.7,6.9,41.8,27.1,56.4
2009-12-01,2009,12,1.11,20.3,24,12.3,35.7
2010-01-01,2010,1,0.15,3.7,30.1,16.9,43.3
2010-02-01,2010,2,0.65,13,29.5,18.5,40.6
2010-03-01,2010,3,1.55,13.1,42.4,28.7,56.2
2010-04-01,2010,4,3.15,1.9,49,36.3,61.6
2010-05-01,2010,5,2.14,4.1,54.9,42.2,67.7
2010-06-01,2010,6,1.96,0,68.2,54.6,81.7
2010-07-01,2010,7,1.26,0,73.2,58.1,88.2
2010-08-01,2010,8,1.23,0,72.5,58,87
2010-09-01,2010,9,0.06,0,64.8,47.7,81.9
2010-10-01,2010,10,0.88,0,54,40.2,67.8
2010-11-01,2010,11,0.7,5,37.8,25.9,49.7
2010-12-01,2010,12,0.22,4.4,34.4,22,46.8
2011-01-01,2011,1,0.29,5.8,30.1,17.5,42.8
2011-02-01,2011,2,0.66,6.4,29.7,15.1,44.3
2011-03-01,2011,3,0.29,0,44.1,30.7,57.6
2011-04-01,2011,4,2.06,2.1,49,35.9,62.1
2011-05-01,2011,5,4.5,0,53.3,41.3,65.4
2011-06-01,2011,6,2.78,0,67.4,52.4,82.4
2011-07-01,2011,7,1.7,0,74.8,60.4,89.2
2011-08-01,2011,8,0.12,0,74.3,58.8,89.8
2011-09-01,2011,9,1.97,0,62.5,47.4,77.5
2011-10-01,2011,10,1.77,9.7,51.8,37,66.6
2011-11-01,2011,11,0.87,10.6,39.6,25.8,53.4
2011-12-01,2011,12,0.79,13.9,29.2,16,42.4
2012-01-01,2012,1,0.07,1,36.6,21.7,51.5
2012-02-01,2012,2,0.72,14.7,32.3,21,43.7
2012-03-01,2012,3,0,0,49.9,32.7,67.2
2012-04-01,2012,4,0.4,0,54.8,40,69.6
2012-05-01,2012,5,1.69,0,60.3,44.4,76.3
2012-06-01,2012,6,0.61,0,72.7,55.7,89.6
2012-07-01,2012,7,3.11,0,76,61.7,90.2
2012-08-01,2012,8,0.03,0,72.8,57.4,88.2
2012-09-01,2012,9,2.73,0,64.6,49.2,80.1
2012-10-01,2012,10,0.66,3.6,48.9,35.3,62.5
2012-11-01,2012,11,0.14,0.7,41.9,27.8,56
2012-12-01,2012,12,0.4,8.4,31,18,43.9
2013-01-01,2013,1,0.11,2.6,30.6,15.5,45.6
2013-02-01,2013,2,0.56,8.9,31.7,18.1,45.2
2013-03-01,2013,3,0.98,12.7,39.8,26.3,53.3
2013-04-01,2013,4,2.84,29.4,43.8,30.4,57.1
2013-05-01,2013,5,2.83,12.9,58.1,44.5,71.8
2013-06-01,2013,6,0.59,0,70.4,54.6,86.1
2013-07-01,2013,7,1.91,0,72.7,59.4,85.9
2013-08-01,2013,8,0.57,0,72.1,57.5,86.7
2013-09-01,2013,9,6.09,0,65.1,52.8,77.3
2013-10-01,2013,10,1.68,3.3,47.3,35,59.7
2013-11-01,2013,11,0.22,3,40.1,26.3,54
2013-12-01,2013,12,0.45,6.3,27.9,14.7,41.2
2014-01-01,2014,1,1.44,16.8,32.4,18.5,46.3
2014-02-01,2014,2,0.3,7.1,29.2,16.2,42.3
2014-03-01,2014,3,1.38,4.5,42.2,27.8,56.6
2014-04-01,2014,4,0.62,3.3,50.2,36.3,64
2014-05-01,2014,5,4.76,5.6,57.9,45,70.9
2014-06-01,2014,6,0.99,0,66.7,51.6,81.8
2014-07-01,2014,7,3.06,0,72,58.7,85.4
2014-08-01,2014,8,0.59,0,69.9,56,83.7
2014-09-01,2014,9,1.28,0,63.3,48.6,78.1
2014-10-01,2014,10,0.8,0,54,38.9,69.2
2014-11-01,2014,11,0.88,5.2,35.9,22.1,49.7
2014-12-01,2014,12,0.64,10.2,31.7,18.6,44.8
2015-01-01,2015,1,0.11,2,34.6,21,48.1
2015-02-01,2015,2,1.09,17,36.1,22.7,49.4
2015-03-01,2015,3,0.21,3.8,45.8,30.1,61.5
2015-04-01,2015,4,3.31,2.6,49.7,36.2,63.3
2015-05-01,2015,5,6.34,1.2,52.8,42.8,62.7
2015-06-01,2015,6,1.55,0,69.7,56.9,82.6
2015-07-01,2015,7,1.69,0,71.6,57.6,85.6
2015-08-01,2015,8,0.69,0,72,56.3,87.6
2015-09-01,2015,9,0.2,0,67.1,50.9,83.3
2015-10-01,2015,10,1.81,0,55.1,42.1,68.2
2015-11-01,2015,11,1.57,8.4,38.2,25.6,50.9
2015-12-01,2015,12,0.94,16.7,30.3,18.3,42.3
2016-01-01,2016,1,0.58,7,31.4,18.2,44.6
2016-02-01,2016,2,1.01,13.8,38.7,24.5,52.9
2016-03-01,2016,3,2.28,21.1,43.2,30.2,56.1
2016-04-01,2016,4,2.75,5.7,49.3,36.5,62
2016-05-01,2016,5,1.85,0.1,54.7,42,67.4
2016-06-01,2016,6,0.05,0,71.3,55.9,86.7
2016-07-01,2016,7,0.91,0,74.4,59.6,89.2
2016-08-01,2016,8,0.78,0,69.6,54.9,84.3
2016-09-01,2016,9,0.19,0,64.6,49.5,79.6
2016-10-01,2016,10,0.31,0,56.2,39.9,72.5
2016-11-01,2016,11,0.43,3,45.3,30.1,60.4
2016-12-01,2016,12,0.52,8.2,27.3,14.9,39.7
2017-01-01,2017,1,0.89,11.1,30.3,17.7,43
2017-02-01,2017,2,0.52,4,40.5,26.6,54.4
2017-03-01,2017,3,0.99,0,48.5,33.5,63.4
2017-04-01,2017,4,2.12,2.2,50.3,37.1,63.3
2017-05-01,2017,5,4.44,7.6,56.6,42.7,70.6
2017-06-01,2017,6,0.14,0,68.8,53.9,83.8
2017-07-01,2017,7,0.96,0,74.6,59.9,89.3
2017-08-01,2017,8,2.38,0,68.8,55.3,82.4
2017-09-01,2017,9,2.09,0,62.9,49.3,76.4
2017-10-01,2017,10,1.69,1.6,49.6,34.7,64.4
2017-11-01,2017,11,0.59,4.6,44.8,30.8,58.7
2017-12-01,2017,12,0.3,7.2,33.7,20.3,47.2
2018-01-01,2018,1,0.45,6,33.9,19.8,48.1
2018-02-01,2018,2,0.67,13.4,30.6,16.8,44.3
2018-03-01,2018,3,0.72,0.1,43.9,29.4,58.3
2018-04-01,2018,4,0.76,2.4,49,33.9,64
2018-05-01,2018,5,5.12,0,60.2,46.9,73.5
2018-06-01,2018,6,1.22,0,70.8,55.1,86.4
2018-07-01,2018,7,2.22,0,73.3,59.1,87.4
2018-08-01,2018,8,0.28,0,70.4,56,84.9
2018-09-01,2018,9,0.46,0,65.6,49.8,81.3
2018-10-01,2018,10,1.08,6.1,49.1,35.9,62.3
2018-11-01,2018,11,0.62,5.6,38.4,26,50.7
2018-12-01,2018,12,0.03,1.4,31.8,18.4,45.2
2019-01-01,2019,1,0.49,2.5,33.3,19.3,47.2
2019-02-01,2019,2,0.16,3.9,29.3,15.9,42.6
2019-03-01,2019,3,2.02,13.3,36.5,24,49
2019-04-01,2019,4,1.79,12.8,50.2,36.6,63.8
2019-05-01,2019,5,2.92,3,51.9,39.6,64.3
2019-06-01,2019,6,2.59,0,65.2,50.5,79.9
2019-07-01,2019,7,1.25,0,73.9,59,88.9
2019-08-01,2019,8,0.2,0,73.3,58.5,88.1
2019-09-01,2019,9,0.72,0,66.5,51,82.1
2019-10-01,2019,10,0.94,10.3,44.3,29.4,59.1
2019-11-01,2019,11,1.79,21.7,37.8,25,50.6
2019-12-01,2019,12,0.57,5.1,32.5,20.9,44.1
2020-01-01,2020,1,0,0,35.1,22.7,47.5
2020-02-01,2020,2,0.69,14.1,31.1,18.6,43.6
2020-03-01,2020,3,1.29,4.6,42.6,29.2,56
2020-04-01,2020,4,1.71,18.2,47.4,32,62.8
2020-05-01,2020,5,2.56,0,59.5,45.7,73.3
2020-06-01,2020,6,1.34,0,69.5,54,85
2020-07-01,2020,7,0.15,0,73.8,58.6,89.1
2020-08-01,2020,8,0.48,0,73.5,56.8,90.2
2020-09-01,2020,9,1.39,2.7,61.9,45.5,78.3
2020-10-01,2020,10,1.14,14.5,47.4,31.6,63.3
2020-11-01,2020,11,0.64,3.7,42.4,27.2,57.6
2020-12-01,2020,12,0.5,6.9,33.3,18.9,47.7
2021-01-01,2021,1,0.3,5.6,32.4,20.1,44.7
2021-02-01,2021,2,0.81,9.8,26.5,14.8,38.1
